num,epoch,resx,resy,resz,x,y,z
0,8.045255,-0.251000,-0.180000,0.002000,-0.059352,-0.273889,-0.538861
1,8.045313,-0.070511,-0.187449,-0.220024,-0.019216,-0.222871,-0.335365
2,8.045370,0.075839,-0.276919,0.305317,-0.085931,-0.430794,-0.260023
3,8.045428,0.092773,-0.097095,-0.257730,0.350238,1.015425,1.149710
4,8.045486,0.661839,-0.820218,0.162701,0.064116,-0.004770,0.113809
5,8.045544,0.164021,-0.154971,0.203629,0.084624,0.038419,0.162303
6,8.045602,0.172028,-0.333710,-0.241727,0.105645,0.045329,0.218262
7,8.045660,0.001114,-0.406578,-0.631872,0.261908,0.227132,-0.105714
8,8.045718,-0.027903,-0.558189,0.048418,0.135344,0.142185,-0.159582
9,8.045775,-0.255378,-0.436522,-0.262427,0.120373,0.068046,0.160179
10,8.045833,-0.365231,-0.279165,-0.082786,0.071555,0.052646,0.132245
11,8.045891,-0.381388,-0.371132,-0.204949,0.126539,0.068557,0.209430
12,8.045949,-0.332663,-0.313589,-0.836941,0.110801,0.055245,0.217731
13,8.046007,-0.353584,-0.280456,0.233338,0.074077,0.027520,0.202400
14,8.046065,-0.414539,-0.420072,0.002771,0.061717,0.027010,0.185084
15,8.046123,-0.231559,-0.214779,-0.303721,-0.004714,-0.053471,0.114363
16,8.046181,-0.266491,-0.034233,-0.869187,0.105160,0.085012,0.212684
17,8.046238,-0.212107,-0.277035,-0.258682,0.103380,0.072094,0.233827
18,8.046296,-0.224802,-0.307947,-0.650208,0.095233,0.078353,0.237781
19,8.046354,-0.270164,-0.550962,-0.225621,-0.105193,-0.429310,-0.678112
20,8.046412,-0.290301,-0.153516,-0.482011,0.027983,-0.159278,-0.063772
21,8.046470,-0.235673,-0.224995,-0.186507,0.063012,-0.103297,0.030003
22,8.046528,-0.328631,-0.423810,0.366519,0.058736,0.017770,0.133100
23,8.046586,-0.197580,-0.456859,-0.502327,0.120207,0.188970,0.388219
24,8.046644,-0.155355,-0.436438,-0.305259,0.173773,0.430732,0.665534
25,8.046701,-0.093543,-0.514029,-0.406314,0.019347,-0.313576,-0.152625
26,8.046759,-0.188953,0.287943,-0.301358,0.194113,0.449160,0.649733
27,8.046817,-0.009550,-0.291849,-0.267810,-0.009706,0.006608,-0.041868
28,8.046875,-0.081474,0.243230,-0.117900,0.076207,-0.006237,0.136234
29,8.046933,-0.079290,0.287301,0.350157,-0.107683,-0.347984,-0.428197
30,8.046991,-0.098004,0.543518,-0.291815,0.095684,-0.137741,0.042560
31,8.047049,-0.081886,0.397685,0.295374,0.062763,0.182881,0.309641
32,8.047106,-0.121779,-0.037321,0.237165,0.040571,-0.033047,0.055939
33,8.047164,-0.044165,0.106817,-0.223532,0.022720,-0.018366,0.079154
34,8.047222,-0.008349,0.066010,-0.010483,0.025560,-0.011941,0.075883
35,8.047280,-0.164739,-0.023900,-0.402304,0.066551,-0.016187,0.132191
36,8.047338,-0.035791,-0.017158,0.206971,0.037011,-0.020374,0.112928
37,8.047396,-0.017153,-0.415688,0.203401,0.039528,-0.012815,0.117613
38,8.047454,-0.083553,-0.320936,-0.148631,0.164745,0.000614,0.290045
39,8.047512,-0.217521,-0.405671,0.076332,0.071537,-0.008448,0.144861
40,8.047569,-0.179448,-0.182784,-0.579799,0.068440,-0.011184,0.140214
41,8.047627,-0.169178,-0.018347,-0.790204,0.070085,-0.033986,0.152842
42,8.047685,-0.187227,0.008846,-0.643295,0.182395,0.046767,0.538587
43,8.047743,-0.209111,-0.010480,-0.564100,-0.001723,-0.018932,0.087818
44,8.047801,0.085040,0.075169,-0.639513,0.041115,-0.007777,0.090973
45,8.047859,0.002966,0.074988,-0.566074,0.036487,-0.027838,0.229808
46,8.047917,0.021544,-0.005694,-0.162715,0.055500,-0.008207,0.083378
47,8.047975,-0.011469,0.157924,0.104578,0.025147,-0.016543,0.136653
48,8.048032,-0.064177,0.142889,-0.171113,-0.057483,-0.021809,-0.019605
49,8.048090,-0.076846,-0.015169,0.097647,0.027243,-0.015084,0.107421
50,8.048148,-0.160149,-0.137783,-0.497968,0.040420,-0.012724,0.116501
51,8.048206,-0.164044,-0.089021,-0.296031,0.042052,-0.016166,0.147656
52,8.048264,-0.314049,-0.058089,-0.201341,0.038689,-0.009849,0.114528
53,8.048322,-0.228376,-0.234367,-0.290854,0.039535,-0.011597,0.109233
54,8.048380,-0.344761,-0.364140,-0.197817,0.040950,-0.011976,0.107949
55,8.048437,-0.337550,-0.294501,-0.236336,0.012249,-0.089837,0.605077
56,8.048495,-0.321991,-0.327740,-0.644961,0.037455,-0.013974,0.117180
57,8.048553,-0.073847,-0.225316,-0.058823,-0.021370,-0.033693,0.130770
58,8.048611,-0.092270,0.034442,-0.010061,-0.026991,-0.031225,0.077960
59,8.048669,-0.013104,0.190134,-0.182041,0.018654,-0.012478,0.051837
60,8.048727,-0.098885,0.351553,0.023243,0.024604,-0.014094,0.093389
61,8.048785,-0.169787,0.427730,0.024671,0.024863,-0.013561,0.088550
62,8.048843,-0.058370,0.388432,-0.346759,0.057868,-0.011448,0.179866
63,8.048900,-0.168866,0.143602,0.218904,0.029515,-0.012324,0.092598
64,8.048958,-0.223365,0.243320,-0.517766,0.030321,-0.011988,0.089443
65,8.049016,-0.173844,0.287844,0.132919,0.027673,-0.013122,0.087375
66,8.049074,-0.054385,0.358771,-0.056507,-0.108775,-0.039677,-0.109849
67,8.049132,0.161657,0.399134,0.453526,0.022459,-0.014303,0.080069
68,8.049190,0.049971,0.251595,-0.221552,0.025931,-0.011732,0.078931
69,8.049248,0.192809,0.126575,0.341963,0.048034,0.020308,0.010358
70,8.049306,0.513643,0.227462,-0.243825,0.026577,-0.009829,0.070019
71,8.049363,0.510878,0.378292,0.665237,0.024868,-0.010986,0.069435
72,8.049421,0.512365,0.426002,0.209624,0.023387,-0.010393,0.068936
73,8.049479,0.270856,0.468660,0.666467,0.023664,-0.011059,0.069876
74,8.049537,0.411050,0.486931,0.058749,0.021850,-0.011949,0.067992
75,8.049595,0.304094,0.576723,0.371544,0.023241,-0.011666,0.069196
76,8.049653,0.184151,0.300459,0.615994,0.022503,-0.010766,0.067895
77,8.049711,0.048561,0.409142,-0.010707,0.015581,-0.012691,0.058267
78,8.049769,0.038988,0.436644,0.282177,0.021223,-0.011856,0.062361
79,8.049826,-0.034973,0.448824,-0.342052,-0.004068,-0.018364,-0.005792
80,8.049884,-0.063171,0.365861,-0.173187,0.027283,-0.013233,0.088885
81,8.049942,-0.099871,0.275112,-0.115857,0.029410,-0.010212,0.083709
82,8.050000,-0.057980,0.290488,0.447807,0.035120,-0.005628,0.084613
83,8.050058,-0.120771,0.176042,-0.632580,0.025840,-0.007145,0.056140
84,8.050116,-0.060195,0.178679,-0.239281,0.029637,-0.008706,0.077084
85,8.050174,-0.031474,0.028971,0.103021,0.013371,-0.013546,0.041033
86,8.050231,-0.082884,-0.085535,-0.342460,0.026784,-0.002382,0.036767
87,8.050289,0.061884,-0.173373,0.025351,0.018333,-0.010915,0.050045
88,8.050347,0.040646,-0.096388,0.477980,0.019392,-0.013246,0.062678
89,8.050405,0.039569,-0.002253,0.133073,0.018920,-0.015867,0.059074
90,8.050463,-0.046965,-0.042999,-0.022943,0.015767,-0.012108,0.076551
91,8.050521,-0.172500,0.065218,0.023268,0.018173,-0.011801,0.063331
92,8.050579,-0.126757,0.232740,0.004769,0.017026,-0.012277,0.061788
93,8.050637,-0.264944,0.246252,-0.074994,0.026391,-0.010353,0.071508
94,8.050694,-0.157856,0.410065,0.189359,0.019542,-0.009872,0.064716
95,8.050752,-0.198594,0.442513,-0.097207,0.024338,-0.011001,0.069499
96,8.050810,-0.180432,0.458729,-0.272469,0.021936,-0.010949,0.064589
97,8.050868,-0.143714,0.280444,-0.515191,0.020999,-0.010294,0.063938
98,8.050926,-0.021512,0.292121,-0.185869,0.014809,-0.012950,0.044181
99,8.050984,-0.002753,0.133900,0.673634,0.016199,-0.012463,0.050190
100,8.051042,0.158343,-0.066367,-0.176575,0.020635,-0.011661,0.060213
101,8.051100,0.163792,-0.148307,-0.274513,0.019237,-0.012483,0.062897
102,8.051157,0.184589,0.019611,-0.314773,0.018768,-0.012958,0.065090
103,8.051215,0.387129,0.090487,0.504189,0.019417,-0.010257,0.052572
104,8.051273,0.380282,0.260223,0.656421,0.019283,-0.010373,0.052679
105,8.051331,0.311299,0.218288,0.812483,0.019225,-0.010307,0.052455
106,8.051389,0.403459,0.159309,0.468586,0.019155,-0.010487,0.051791
107,8.051447,0.319569,0.102557,0.622677,0.019009,-0.010701,0.052121
108,8.051505,0.231483,0.208640,0.980682,0.018916,-0.010556,0.051713
109,8.051563,0.273755,0.191643,-0.263120,0.019909,-0.010228,0.051604
110,8.051620,0.217382,0.278572,-0.228053,0.019928,-0.010015,0.050850
111,8.051678,0.116700,0.227605,-0.168894,0.020277,-0.009623,0.049515
112,8.051736,0.243047,0.113661,0.373072,0.018273,-0.010276,0.049267
113,8.051794,0.332002,0.095956,0.732981,0.018600,-0.010453,0.049040
114,8.051852,0.197762,0.194155,0.130586,0.017364,-0.010398,0.047431
115,8.051910,0.204969,0.016328,0.394159,0.018539,-0.009167,0.044496
116,8.051968,0.307658,0.092226,0.435813,0.018112,-0.010259,0.047423
117,8.052025,0.308636,-0.021645,0.147384,0.017528,-0.010150,0.045663
118,8.052083,0.230490,0.118573,0.113309,0.016977,-0.010574,0.045934
119,8.052141,0.124548,0.046758,0.199681,0.017109,-0.010213,0.044871
120,8.052199,0.051947,-0.048240,0.656828,0.017378,-0.009818,0.042735
121,8.052257,0.087511,-0.176058,-0.363987,0.018462,-0.009232,0.042925
122,8.052315,-0.087837,-0.153334,0.208028,0.018038,-0.010857,0.051031
123,8.052373,-0.082299,-0.159785,-0.294432,0.019571,-0.010044,0.051965
124,8.052431,-0.036952,-0.167286,-0.364938,-0.006687,0.016866,0.051599
125,8.052488,-0.014510,-0.226891,-0.230980,0.022913,-0.009449,0.059525
126,8.052546,-0.141299,0.023375,-0.204547,0.019274,-0.009941,0.048455
127,8.052604,-0.031854,0.017312,0.577932,0.145935,0.021935,0.437090
128,8.052662,-0.107979,-0.172513,0.393125,0.016323,-0.011350,0.043546
129,8.052720,0.032286,0.061810,0.456338,0.015270,-0.013051,0.046508
130,8.052778,0.053320,0.026263,0.126350,0.014393,-0.013924,0.047677
131,8.052836,0.196133,0.145539,-0.017233,0.007733,-0.014030,0.037375
132,8.052894,0.242568,0.162811,-0.314471,0.013874,-0.017916,0.058155
133,8.052951,0.255886,0.150175,0.462136,0.016109,-0.011924,0.046002
134,8.053009,0.185695,0.098827,0.246890,0.018796,-0.005693,0.036052
135,8.053067,0.163868,0.094986,0.205883,0.018308,-0.006476,0.036321
136,8.053125,0.296672,-0.025608,-0.462934,0.018206,-0.007952,0.039809
137,8.053183,0.172133,-0.060290,0.041054,0.016134,-0.008338,0.036991
138,8.053241,0.162847,0.015258,-0.499411,0.018188,-0.007342,0.038371
139,8.053299,0.134857,-0.073381,-0.091499,0.020290,-0.006705,0.040245
140,8.053356,0.039517,-0.085879,-0.149852,0.018963,-0.006371,0.036623
141,8.053414,0.039348,0.102428,-0.454721,0.018438,-0.006057,0.034850
142,8.053472,-0.039737,0.163506,0.435236,0.019538,-0.009776,0.049190
143,8.053530,-0.173629,0.045489,0.411316,0.024312,0.001641,0.025204
144,8.053588,0.053106,0.201981,0.099253,0.022314,0.004091,0.016749
145,8.053646,-0.073395,0.323728,0.559672,0.017099,-0.009218,0.039799
146,8.053704,-0.047700,0.235564,0.214667,0.019460,-0.005674,0.035428
147,8.053819,0.075823,0.323375,-0.144908,0.017378,-0.008073,0.033636
148,8.053877,0.043137,0.294969,-1.309221,0.017682,-0.005079,0.025035
149,8.053935,0.136490,0.367601,0.174955,0.014758,-0.010754,0.036548
150,8.054051,0.180718,0.524944,0.577129,0.012989,-0.015648,0.047278
151,8.054109,0.150827,0.434038,0.671477,0.015953,-0.008546,0.032347
152,8.054167,0.150143,0.182424,0.437312,0.014548,-0.011683,0.038018
153,8.054225,0.036087,-0.001691,-0.059251,0.018213,-0.009883,0.040198
154,8.054282,-0.068644,-0.150790,-0.023960,0.004002,-0.014652,0.031428
155,8.054340,-0.158455,-0.261744,-0.315803,0.015529,-0.011217,0.039565
156,8.054398,-0.247509,-0.032080,-0.057446,0.020125,-0.009611,0.042474
157,8.054456,-0.254103,0.156914,-0.723360,0.015032,-0.011502,0.039149
158,8.054514,-0.240217,0.172156,-0.650957,0.017155,-0.007191,0.031704
159,8.054572,-0.310578,0.300926,-0.835479,0.012892,-0.015319,0.044648
160,8.054630,-0.326083,0.453455,-0.170939,0.365220,0.673192,-0.944971
161,8.054688,0.147199,0.269224,0.438557,0.017433,-0.006334,0.034674
162,8.054745,-0.115803,0.795000,0.198956,0.008770,-0.020169,0.042581
163,8.054803,-0.007688,0.840441,1.023198,-0.002364,-0.034688,0.043607
164,8.054861,0.070038,0.872169,-0.732893,0.007462,-0.022179,0.042658
165,8.054919,0.093071,0.643582,0.201908,0.008704,-0.019247,0.039816
166,8.054977,-0.003460,0.539368,-0.410942,0.004061,-0.025528,0.039682
167,8.055035,0.130032,0.364830,-0.590024,0.009680,-0.017944,0.039070
168,8.055093,0.193868,0.356816,-0.626433,0.010198,-0.017398,0.038190
169,8.055150,0.138049,0.332688,-0.680657,0.010502,-0.016689,0.037682
170,8.055208,0.041386,0.299379,0.320339,0.009529,-0.017176,0.036306
171,8.055266,0.104041,0.196819,0.105468,0.010007,-0.016089,0.035690
172,8.055324,0.066497,0.186310,-0.635580,0.002172,-0.029164,0.035495
173,8.055382,-0.112716,0.325655,-0.298424,0.013983,-0.012434,0.037493
174,8.055440,-0.049314,0.587199,-0.387000,0.014791,-0.011707,0.037731
175,8.055498,-0.024450,0.579812,-0.219686,0.232080,0.220372,0.123233
176,8.055556,0.114097,0.415697,-0.286568,0.029291,0.011632,0.020399
177,8.055613,0.103587,0.595540,-0.343553,0.029714,0.013662,0.017495
178,8.055671,0.180996,0.813788,0.709162,0.020098,-0.000544,0.025817
179,8.055729,0.217715,0.982346,0.209368,0.024375,0.006403,0.020525
180,8.055787,0.253824,1.010301,-0.686035,0.026842,0.009174,0.019875
181,8.055845,0.320883,0.842945,0.259300,0.039758,0.029500,0.006772
182,8.055903,0.283246,0.845673,0.090322,0.069024,0.075578,-0.015559
183,8.055961,0.236920,0.574503,-0.077317,0.088802,0.097982,-0.014152
184,8.056019,0.264070,0.495407,1.267204,0.076553,0.088492,-0.018687
185,8.056076,0.247537,0.494739,0.127156,-0.233700,-0.400575,0.245354
186,8.056134,-0.043616,0.632372,-0.366531,-0.015049,-0.054071,0.054654
187,8.056192,0.096832,0.419713,1.101752,0.000659,-0.028964,0.041586
188,8.056250,-0.073096,0.336741,0.444245,0.006379,-0.022162,0.039990
189,8.056308,-0.048750,0.451365,-0.502472,0.008800,-0.019919,0.039861
190,8.056366,-0.023037,0.523259,-0.180358,0.002010,-0.001617,0.012476
191,8.056424,0.010479,0.675350,0.796971,0.008834,-0.014231,0.032823
192,8.056481,-0.147587,0.574827,0.664731,0.010897,-0.012985,0.031533
193,8.056539,-0.065984,0.624470,-0.162874,0.011276,-0.013128,0.029014
194,8.056597,-0.053814,0.590983,0.087138,0.011355,-0.012317,0.031912
195,8.056655,-0.094941,0.639079,-0.056241,0.013985,-0.012666,0.034773
196,8.056713,-0.086343,0.568158,0.278246,0.013146,-0.011246,0.040106
197,8.056771,-0.077995,0.678433,0.521589,0.010919,-0.012527,0.027198
198,8.056829,-0.101826,0.385900,0.472042,0.011538,-0.012348,0.033035
199,8.056887,-0.049184,0.455019,-0.084687,0.013983,-0.011617,0.033510
200,8.056944,-0.110446,0.270763,-0.496212,0.011696,-0.012431,0.033011
201,8.057002,-0.055276,0.158123,0.326108,0.012516,-0.011848,0.035964
202,8.057060,-0.031014,0.136438,-0.095173,0.019284,-0.008546,0.045143
203,8.057118,0.012686,0.166782,-0.332270,0.010480,-0.013683,0.036995
204,8.057176,-0.009795,0.154255,-0.050741,0.008702,-0.014201,0.013814
205,8.057234,0.122323,0.145721,-0.537521,0.010795,-0.013091,0.032831
206,8.057292,0.070123,0.120549,-0.439113,0.010425,-0.013148,0.029496
207,8.057350,0.144963,0.037037,-0.390089,0.010594,-0.013398,0.030860
208,8.057407,0.091500,0.140031,0.102382,0.009698,-0.013131,0.028491
209,8.057465,0.079675,0.217124,0.195893,0.009783,-0.012913,0.025491
210,8.057523,0.143297,0.146434,-0.032554,0.019057,-0.012349,0.037050
211,8.057581,0.111499,0.046436,0.194266,0.009766,-0.013406,0.027913
212,8.057639,0.207664,-0.081574,-0.023163,-0.039859,-0.016829,-0.017518
213,8.057697,0.220369,0.067750,-0.255259,0.010463,-0.013239,0.030309
214,8.057755,0.133921,0.248091,0.399654,0.009994,-0.012991,0.027940
215,8.057812,0.159799,0.324233,-0.156301,0.010658,-0.012909,0.028624
216,8.057870,0.199312,0.348171,-0.107137,0.011015,-0.012627,0.026323
217,8.057928,0.249655,0.291365,0.193007,0.009776,-0.012968,0.029022
218,8.057986,0.267836,0.194090,-0.064279,0.011941,-0.012676,0.029117
219,8.058044,0.151580,0.254137,0.116423,0.009556,-0.013026,0.026956
220,8.058102,0.265361,0.311415,-0.258655,0.010371,-0.012671,0.025809
221,8.058160,0.184234,0.191451,-0.169215,0.010521,-0.012788,0.025720
222,8.058218,0.222115,0.078565,0.181601,0.009663,-0.013017,0.025434
223,8.058275,0.187632,-0.034331,0.435524,0.009923,-0.012887,0.025095
224,8.058333,0.212609,-0.075325,0.757343,0.009792,-0.012543,0.025414
225,8.058391,0.153838,-0.143582,-0.314478,0.010205,-0.012414,0.023922
226,8.058449,0.138913,0.022595,-0.263595,0.009873,-0.013814,0.026990
227,8.058507,0.068917,-0.095967,-0.041261,0.013601,-0.012574,0.029771
228,8.058565,0.093649,-0.169699,-0.310533,0.009924,-0.012789,0.024917
229,8.058623,0.004803,-0.141295,-0.493606,0.009096,-0.012108,0.011821
230,8.058681,-0.054054,0.053942,-0.913869,0.011100,-0.011839,0.020386
231,8.058738,-0.101674,0.262865,-0.144706,0.010964,-0.012338,0.025394
232,8.058796,-0.023666,0.291512,0.301284,0.017279,-0.007559,0.034215
233,8.058854,-0.035893,0.239068,0.282973,0.012381,-0.010954,0.027825
234,8.058912,-0.018273,0.231511,-0.003365,-0.023549,-0.038128,-0.020879
235,8.058970,0.021020,0.165946,-0.424995,0.007921,-0.013259,0.024095
236,8.059028,-0.038819,0.107981,-0.430396,0.011458,-0.011898,0.026567
237,8.059086,0.085142,0.210207,-0.234384,0.009537,-0.013287,0.023979
238,8.059144,0.168172,0.182214,-0.620154,0.009437,-0.013178,0.023847
239,8.059201,0.167336,-0.055835,-0.629988,0.009834,-0.013298,0.017590
240,8.059259,0.198081,-0.063900,-0.172178,0.009767,-0.012958,0.023719
241,8.059317,0.083294,-0.116894,0.366736,0.008947,-0.013151,0.023047
242,8.059375,0.072872,-0.054764,-0.324283,0.009339,-0.013053,0.022656
243,8.059433,0.090749,0.049279,-0.652606,0.009104,-0.014010,0.022835
244,8.059491,0.181430,0.062840,0.073343,0.008499,-0.013734,0.022336
245,8.059549,0.229067,0.047678,-0.416812,0.007475,-0.018314,0.053592
246,8.059606,0.076421,0.123494,-0.365443,0.009080,-0.013626,0.023965
247,8.059664,0.084517,0.251493,0.126242,0.008430,-0.013643,0.023460
248,8.059722,0.139042,0.302508,0.366054,0.008736,-0.013808,0.024254
249,8.059780,0.108655,0.380558,-0.101493,0.009472,-0.014098,0.027157
250,8.059838,0.082585,0.291472,-0.222988,0.008649,-0.014617,0.029107
251,8.059896,0.095587,0.366478,-0.388637,0.008738,-0.014213,0.026453
252,8.059954,0.072176,0.217578,-0.464071,0.009105,-0.013323,0.021074
253,8.060012,0.111250,0.422739,-0.262103,0.009045,-0.013682,0.024017
254,8.060069,0.055668,0.295608,-0.379753,0.008763,-0.013718,0.022757
255,8.060127,0.061062,0.154765,0.230810,0.008347,-0.013841,0.022611
256,8.060185,-0.018677,-0.031174,-0.197736,0.025572,-0.000025,0.020621
257,8.060243,0.104848,0.009365,0.298519,0.008558,-0.015668,0.020000
258,8.060301,0.081782,0.068333,0.990084,0.008399,-0.014580,0.024551
259,8.060359,0.012703,0.200096,0.448595,0.007762,-0.014481,0.022003
260,8.060417,0.102597,0.216283,-0.244138,0.009283,-0.013201,0.019828
261,8.060475,0.168559,0.235925,-0.625004,0.008938,-0.013640,0.022382
262,8.060532,0.124202,0.088867,0.904715,0.008703,-0.013712,0.021608
263,8.060590,0.216467,0.236990,-0.282881,0.009036,-0.011092,0.022842
264,8.060648,0.257298,0.155253,-0.012806,0.005421,-0.009696,-0.001457
265,8.060706,0.171137,0.207856,0.259737,0.008445,-0.013508,0.023195
266,8.060764,0.088554,0.085681,0.794119,0.008756,-0.012909,0.020407
267,8.060822,0.115080,0.012681,0.374532,0.008157,-0.017619,0.020122
268,8.060880,0.093366,-0.033393,0.687000,0.008608,-0.012997,0.021569
269,8.060938,0.086000,0.054606,0.007422,0.007050,-0.013080,0.015733
270,8.060995,-0.007090,0.003170,0.040374,0.005682,-0.010521,0.012701
271,8.061053,0.093472,0.042771,-0.837785,0.008547,-0.013968,0.021768
272,8.061111,-0.011368,-0.074781,0.090190,0.002901,-0.016347,0.014000
273,8.061169,0.015488,0.035969,0.218474,0.007521,-0.014432,0.019054
274,8.061227,0.064557,0.006728,-0.351212,0.009142,-0.006863,0.024667
275,8.061285,0.053095,-0.004462,-0.088239,0.009310,-0.011156,0.023218
276,8.061343,0.122273,-0.002574,-0.842234,0.008906,-0.011000,0.021414
277,8.061400,0.111903,-0.108501,0.167642,0.008262,-0.012933,0.021533
278,8.061458,0.109459,-0.269365,-0.507175,0.008778,-0.012416,0.020786
279,8.061516,0.127484,-0.186534,-0.373448,0.009415,-0.011634,0.016827
280,8.061574,0.122023,-0.261496,0.503915,0.008719,-0.012321,0.019336
281,8.061632,0.141822,-0.327416,0.790958,0.008761,-0.012330,0.019429
282,8.061690,0.213797,-0.352405,-0.315111,0.008903,-0.012505,0.020463
283,8.061748,0.222492,-0.193383,0.172460,0.008147,-0.013043,0.022184
284,8.061806,0.231521,-0.347312,-0.601221,0.008836,-0.012598,0.020438
285,8.061863,0.308540,-0.191307,-0.765485,0.008803,-0.012504,0.020140
286,8.061921,0.185668,-0.241326,0.475641,0.008863,-0.012208,0.017946
287,8.061979,0.229099,-0.229254,0.051134,0.008034,-0.012356,0.018119
288,8.062037,0.191579,-0.065267,0.002976,0.006277,-0.012608,0.017469
289,8.062095,0.294751,0.186765,-0.385998,0.008977,-0.012391,0.018745
290,8.062153,0.176885,0.080818,0.553786,0.008758,-0.012430,0.017770
291,8.062211,0.321174,0.135932,0.725235,0.008651,-0.012606,0.018782
292,8.062269,0.322042,-0.007068,0.862085,0.008744,-0.011413,0.019173
293,8.062326,0.426464,-0.028838,0.615193,0.007656,-0.013482,0.025207
294,8.062384,0.465447,-0.068297,-0.000465,0.006072,-0.012575,0.016843
295,8.062442,0.421110,-0.184157,-0.543614,0.008819,-0.012117,0.018505
296,8.062500,0.487262,-0.285285,0.743084,0.008687,-0.012252,0.018162
297,8.062558,0.507360,-0.441170,0.231274,0.008616,-0.012033,0.017378
298,8.062616,0.495631,-0.451224,-0.291417,0.008771,-0.012177,0.019243
299,8.062674,0.457223,-0.505299,-0.156043,0.009176,-0.012367,0.018222
300,8.062731,0.406034,-0.270015,-0.240309,0.009029,-0.011966,0.017556
301,8.062789,0.376416,-0.233206,-0.738897,0.008746,-0.012219,0.018132
302,8.062847,0.370435,0.002870,0.390225,0.008667,-0.009375,0.019180
303,8.062905,0.323569,-0.096026,-0.085235,0.009535,-0.011732,0.017939
304,8.062963,0.240180,0.020699,0.129511,0.008268,-0.013536,0.016659
305,8.063021,0.327460,0.159822,1.139775,0.008622,-0.012285,0.017170
306,8.063079,0.235701,0.292035,0.081568,0.007859,-0.012812,0.018429
307,8.063137,0.167835,0.249158,0.516003,0.008446,-0.012321,0.016889
308,8.063194,-0.016121,0.130084,0.577820,0.021419,-0.003946,0.028348
309,8.063252,0.065165,0.195241,0.732783,0.008640,-0.012053,0.015481
310,8.063310,0.049091,0.242097,-0.150007,0.008571,-0.012566,0.017801
311,8.063368,0.113628,0.252192,0.072418,0.007896,-0.012708,0.016732
312,8.063426,0.005184,0.102315,-0.025620,0.014702,-0.012452,0.020666
313,8.063484,-0.036775,0.062603,-0.153030,0.011069,-0.010577,0.015598
314,8.063542,0.111130,-0.022513,0.236616,0.008370,-0.011590,0.016241
315,8.063600,0.067451,-0.017256,0.548233,0.006516,-0.014589,0.026400
316,8.063657,0.120125,0.006432,0.314252,0.007933,-0.006752,0.023548
317,8.063715,0.067790,0.007953,-0.148842,0.009250,-0.030265,0.010943
318,8.063773,0.060988,0.109163,-0.052851,0.010157,-0.012416,0.016717
319,8.063831,0.099925,0.092474,-0.146055,0.009279,-0.011555,0.013498
320,8.063889,0.197306,0.041140,0.282869,0.007943,-0.013610,0.017518
321,8.063947,0.128859,0.126899,0.827952,0.008346,-0.012654,0.015786
322,8.064005,0.050222,0.165519,0.326127,0.009319,-0.010715,0.009221
323,8.064062,0.078225,0.125042,0.173019,0.008023,-0.012460,0.015338
324,8.064120,0.089612,0.119417,0.082639,0.007724,-0.012980,0.015589
325,8.064178,0.163591,0.270694,0.621797,0.008275,-0.012436,0.015913
326,8.064236,0.167416,0.287397,-0.374767,0.008555,-0.012634,0.015786
327,8.064294,0.108184,0.508577,-0.571093,0.008116,-0.013272,0.017288
328,8.064352,0.066052,0.634797,0.134902,0.007724,-0.010769,0.015657
329,8.064410,0.113536,0.631327,-0.505714,0.008057,-0.013131,0.017460
330,8.064468,-0.057835,0.437704,-0.241037,0.010177,-0.010636,0.011829
331,8.064525,-0.004542,0.454912,0.371484,0.005453,-0.014838,0.014376
332,8.064583,-0.096324,0.381755,-0.118780,0.009164,-0.012498,0.016911
333,8.064641,0.033799,0.495521,-0.041997,0.010205,-0.012687,0.016989
334,8.064699,-0.019967,0.523773,-0.355219,0.013393,-0.009356,0.020156
335,8.064757,-0.076191,0.300797,-0.428794,0.009018,-0.012839,0.015916
336,8.064815,-0.117055,0.229835,-0.233670,0.009120,-0.011963,0.014893
337,8.064873,-0.083638,0.214393,0.661652,0.008695,-0.012348,0.015749
338,8.064931,0.010411,0.153517,0.377841,0.007048,-0.013571,0.015570
339,8.064988,0.116091,0.192107,0.921460,0.008027,-0.012916,0.015452
340,8.065046,0.151717,0.326836,-0.027462,0.015206,-0.010634,0.015725
341,8.065104,0.062735,0.335285,0.550945,0.008247,-0.012491,0.013674
342,8.065162,0.066985,0.459765,0.486813,0.007894,-0.012943,0.015139
343,8.065220,0.082891,0.462889,-0.176237,0.008412,-0.012571,0.015031
344,8.065278,0.118715,0.605738,1.035291,0.008131,-0.012617,0.014856
345,8.065336,-0.007073,0.559754,-1.178360,0.004471,-0.015035,0.012135
346,8.065394,0.041830,0.552056,0.864877,0.007422,-0.013509,0.016154
347,8.065451,0.034951,0.489137,0.907936,0.007801,-0.013181,0.014255
348,8.065509,0.085064,0.498145,0.944041,0.008002,-0.012838,0.014549
349,8.065567,-0.081959,0.519937,0.732820,0.008488,-0.012343,0.015028
350,8.065625,-0.020140,0.502655,0.400267,0.011325,-0.010567,0.017216
351,8.065683,0.008363,0.415724,-0.020065,-0.009160,-0.016629,0.006447
352,8.065741,0.115255,0.349824,0.547220,0.008063,-0.012519,0.013783
353,8.065799,0.040282,0.296839,0.411015,0.007679,-0.013033,0.014126
354,8.065856,0.073330,0.159095,0.509257,0.007703,-0.013011,0.014726
355,8.065914,0.006271,0.075045,0.742091,0.007067,-0.013463,0.013063
356,8.065972,0.105746,0.268390,0.748119,0.007976,-0.012749,0.014150
357,8.066030,0.146286,0.237976,0.744986,0.007912,-0.012941,0.014353
358,8.066088,0.144254,0.351082,0.392971,0.007857,-0.013134,0.014327
359,8.066146,0.229243,0.303207,0.139002,0.007761,-0.012733,0.013794
360,8.066204,0.158533,0.359990,0.460325,0.007884,-0.012918,0.014184
361,8.066262,0.239356,0.308101,0.254056,0.008017,-0.012661,0.013313
362,8.066319,0.196476,0.221032,0.267176,0.007869,-0.012731,0.013828
363,8.066377,0.222511,0.323025,0.057203,0.007328,-0.013051,0.013801
364,8.066435,0.128785,0.239167,0.180756,0.007733,-0.013002,0.013879
365,8.066493,0.036537,0.221191,0.244295,0.007100,-0.014261,0.015118
366,8.066551,0.064398,0.329821,0.861452,0.007691,-0.012923,0.013767
367,8.066609,0.105643,0.409160,1.310391,0.007819,-0.012976,0.013742
368,8.066667,0.127558,0.398219,0.694246,0.007890,-0.012700,0.013559
369,8.066725,0.221646,0.430075,-0.471731,0.008009,-0.012574,0.013938
370,8.066782,0.136586,0.535991,0.550069,0.007854,-0.013319,0.013584
371,8.066840,0.153486,0.555477,-0.820812,0.008248,-0.015043,0.012838
372,8.066898,0.059713,0.600684,-0.735403,0.007815,-0.012279,0.013301
373,8.066956,0.083944,0.574849,0.613511,0.007677,-0.012855,0.013542
374,8.067014,0.138828,0.674186,0.865497,0.007919,-0.012930,0.013235
375,8.067072,0.118688,0.529296,0.372289,0.007517,-0.013240,0.014027
376,8.067130,0.032789,0.389391,0.258488,0.007403,-0.013228,0.012978
377,8.067188,0.015001,0.183450,-0.187117,0.007466,-0.013507,0.012897
378,8.067245,0.049889,0.200649,-0.273218,0.007932,-0.013195,0.012653
379,8.067303,-0.000278,0.008537,-0.048617,0.007939,-0.000705,0.021432
380,8.067361,-0.005913,-0.100988,0.037546,0.000875,-0.016533,0.009222
381,8.067419,0.042799,-0.039032,0.991565,0.007636,-0.012422,0.013043
382,8.067477,0.123201,0.084003,-1.157225,0.007969,-0.012511,0.012844
383,8.067535,0.095982,0.005125,0.125436,0.007350,-0.008915,0.015942
384,8.067593,0.049317,0.001558,-0.412973,0.007821,-0.009342,0.014886
385,8.067650,0.179975,0.023971,-0.142316,0.008364,-0.013249,0.012301
386,8.067708,0.204571,0.094705,-0.238001,0.007735,-0.013138,0.014540
387,8.067766,0.308828,0.173409,-0.336835,0.008467,-0.012407,0.011396
388,8.067824,0.200909,0.189259,-0.632724,0.008475,-0.011817,0.010994
389,8.067882,0.225157,0.272919,0.013481,0.006372,-0.012627,0.012353
390,8.067940,0.193208,0.259068,-0.423640,0.007951,-0.012623,0.013018
391,8.067998,0.285078,0.326242,0.194415,0.007503,-0.012631,0.013128
392,8.068056,0.275389,0.295187,0.620894,0.013064,-0.003836,-0.006901
393,8.068113,0.344470,0.282640,0.272331,0.006030,-0.014885,0.018812
394,8.068171,0.298136,0.108075,0.221702,0.007799,-0.013456,0.012042
395,8.068229,0.230077,0.055842,0.597698,0.007866,-0.012469,0.011923
396,8.068287,0.357382,-0.029761,0.083833,0.007385,-0.012212,0.012822
397,8.068345,0.234724,-0.109038,-0.019804,0.029362,-0.008137,0.021501
398,8.068403,0.200124,-0.156171,0.263887,0.007811,-0.012176,0.012095
399,8.068461,0.269548,-0.140944,-0.463087,0.007948,-0.012214,0.012738
400,8.068519,0.140397,-0.193934,-0.539410,0.007924,-0.012827,0.012428
401,8.068576,0.108264,-0.188521,0.836592,0.006732,-0.013813,0.015951
402,8.068634,0.132451,-0.218261,0.495860,0.007558,-0.014971,0.010922
403,8.068692,0.061012,-0.195104,0.237026,0.005769,-0.017506,0.016101
404,8.068750,0.044971,-0.392038,0.327273,0.005686,-0.017877,0.015928
405,8.068808,0.020953,-0.383794,0.060354,0.138036,-0.305783,-1.172005
406,8.068866,-0.028594,-0.102499,-0.578080,-0.963347,0.631533,-0.371893
407,8.068924,1.136845,-0.843155,1.932126,0.942436,-1.833060,-0.395556
408,8.068981,-0.902865,1.029392,-1.614807,-0.374069,-0.857757,0.060036
409,8.069039,0.171376,0.110388,0.935061,0.555888,-0.438203,-0.161068
410,8.069097,-0.240284,0.033252,-1.274269,-0.656178,-0.426356,-0.327718
411,8.069155,0.534636,-0.119069,0.256526,-0.589519,-0.449509,-0.161512
412,8.069213,0.604894,0.021381,0.903337,-0.001528,-0.020647,0.031565
413,8.069271,0.212867,-0.231824,-0.698984,0.007550,0.018430,-0.036657
414,8.069329,0.231720,-0.074668,0.648125,0.001509,-0.014710,0.031788
415,8.069387,0.166633,-0.090162,0.289519,-0.004910,-0.019956,0.028690
416,8.069444,0.272778,-0.001535,0.181727,-0.004016,-0.022940,0.031735
417,8.069502,0.210023,0.004337,0.853428,-0.003387,-0.023815,0.042383
418,8.069560,0.175426,0.015431,0.238782,-0.001928,-0.012604,0.021476
419,8.069618,0.143664,0.024620,-1.021531,0.005496,-0.021522,0.015350
420,8.069676,0.146417,0.138657,-0.111782,0.006107,-0.019415,0.016122
421,8.069734,0.165585,0.147370,0.037674,0.004880,-0.018024,0.015534
422,8.069792,0.122925,0.063352,-0.099548,0.006213,-0.020283,0.014934
423,8.069850,0.145410,0.003015,-0.097258,0.009466,-0.015051,0.003693
424,8.069907,0.074688,-0.175284,0.716875,0.004535,-0.018287,0.020052
425,8.069965,-0.009222,-0.223729,-0.348376,-0.005233,-0.026457,0.014015
426,8.070023,-0.027309,-0.127593,-0.037995,0.008139,-0.017768,0.017326
427,8.070081,-0.006285,-0.065399,0.217353,0.002358,-0.020956,0.015624
428,8.070139,-0.060036,0.027908,-0.842135,0.005526,-0.022115,0.016400
429,8.070197,-0.031605,0.095063,-0.433108,0.006662,-0.019163,0.016299
430,8.070255,0.008497,0.121358,0.761100,0.004297,-0.020508,0.015783
431,8.070312,-0.037179,0.176913,0.638719,-10.218413,2.668748,27.443847
432,8.070370,5.604996,-4.225572,4.671488,-51.741690,40.998153,86.416318
433,8.070428,40.578501,-37.105655,41.737120,-21.306601,15.923233,37.769523
434,8.070486,16.363953,-14.432744,16.652778,7.093755,-8.276104,-5.398441
435,8.070544,-6.742436,6.969378,-9.310603,-12.385206,11.269574,15.559274
436,8.070602,10.730900,-8.965591,11.583295,-57.746719,48.526808,106.322243
437,8.070660,45.405312,-43.146823,44.916856,-24.146063,19.520254,51.674887
438,8.070718,18.368315,-17.585061,15.860205,-0.428710,2.098928,-1.801709
439,8.070775,1.221903,-0.662614,2.109663,2.538954,-1.378454,-7.887576
440,8.070833,-1.328294,2.289644,-1.458919,0.167988,-0.455284,6.430231
441,8.070891,-0.496615,0.706089,-1.894958,0.872438,-0.638947,2.485539
442,8.070949,-0.776427,0.967082,-1.355016,0.420473,-0.422748,3.491714
443,8.071007,-0.527874,0.741696,-1.262157,0.353013,-0.240574,3.329995
444,8.071065,-0.437699,0.575352,-1.312685,0.433342,0.921482,0.610833
445,8.071123,-0.021455,-0.116820,-1.331905,-0.184419,-0.080604,3.994532
446,8.071181,-0.013243,0.195303,-1.224609,0.334094,0.384645,1.006849
447,8.071238,-0.118789,0.024520,-0.471096,-0.138417,-0.026357,3.223010
448,8.071296,-0.017265,0.158549,-0.668846,0.403793,0.517035,-0.079017
449,8.071354,-0.000375,0.058965,0.909407,0.658744,1.321201,-1.674006
450,8.071412,0.093507,-0.372383,0.274826,0.588757,1.254662,-2.212513
451,8.071470,0.142894,-0.414038,-1.322939,-26.112989,26.975660,55.329926
452,8.071528,21.570441,-22.818958,17.858174,4.671777,-4.489892,-15.465446
453,8.071586,-3.147841,4.244123,-1.705859,7.173526,-7.368380,-17.686122
454,8.071644,-5.437294,6.524998,-4.489595,-3.373602,3.581822,11.783790
455,8.071701,2.648573,-3.093127,1.127146,5.858009,-8.272328,-7.405814
456,8.071759,-5.508001,6.562855,-5.920352,0.469555,-1.344407,4.429414
457,8.071817,-0.817169,0.971055,-1.160688,-5.728572,4.549144,39.269687
458,8.071875,2.570942,-4.878611,-2.823708,-5.531591,4.931236,39.198819
459,8.071933,2.562433,-5.095576,-3.142178,10.488333,-12.776358,-19.974186
460,8.071991,-9.074727,10.546424,-8.549528,-2.655940,3.486930,6.527694
461,8.072049,2.458789,-2.649216,1.828970,-2.405690,2.025229,21.140611
462,8.072106,0.915036,-2.037380,-2.920361,0.006967,-0.014624,0.010372
463,8.072164,0.154700,0.313994,-0.164776,0.006487,-0.012807,0.009829
464,8.072222,0.109551,0.279790,-0.605829,0.006407,-0.013168,0.009302
465,8.072280,0.040568,0.367031,0.739364,0.006253,-0.013104,0.009300
466,8.072338,0.176709,0.255973,0.097554,0.006134,-0.012969,0.009512
467,8.072396,0.124829,0.145868,0.199654,0.006269,-0.012843,0.009429
468,8.072454,0.135787,0.180816,0.002544,0.004510,-0.013602,0.008689
469,8.072512,0.136902,0.198068,0.588663,0.006546,-0.013334,0.009163
470,8.072569,0.099522,0.087188,0.142248,0.006094,-0.012540,0.009306
471,8.072627,-0.060958,-0.116384,0.354832,0.006528,-0.012824,0.009827
472,8.072685,0.159649,-0.075148,1.296159,0.006467,-0.012865,0.009330
473,8.072743,0.169731,-0.192111,-0.662633,0.006662,-0.013369,0.008813
474,8.072801,0.164520,-0.316741,-0.351772,0.006401,-0.010875,0.009684
475,8.072859,0.121267,-0.305389,0.349606,0.005355,-0.014197,0.012091
476,8.072917,0.207073,-0.308487,0.323713,0.009239,-0.011500,0.009858
477,8.072975,0.343134,-0.297563,0.168242,0.009085,-0.012180,0.010454
478,8.073032,0.316059,-0.313162,-0.000830,0.006348,-0.012740,0.009311
479,8.073090,0.204943,-0.370177,0.193553,0.008837,-0.012447,0.010894
480,8.073148,0.240176,-0.252028,1.131304,0.010388,-0.011070,0.007431
481,8.073206,0.123626,-0.230580,-0.431325,0.011331,-0.011648,0.010474
482,8.073264,0.130658,-0.220142,-0.510325,0.010727,-0.012391,0.011705
483,8.073322,0.191853,-0.172781,0.196932,0.010844,-0.011756,0.010128
484,8.073380,0.113025,-0.102124,0.443321,0.012422,-0.011387,0.010576
485,8.073437,0.131982,0.022873,0.792437,0.012970,-0.012833,0.009632
486,8.073495,0.162332,-0.035094,0.757906,0.012727,-0.011064,0.011134
487,8.073553,0.152836,0.021714,-1.008025,0.013530,-0.009857,0.008197
488,8.073611,0.140722,0.037137,-1.106970,0.013118,-0.011984,0.010141
489,8.073669,0.119434,0.042395,0.335703,0.012731,-0.011619,0.010160
490,8.073727,0.129803,0.097110,-0.207813,0.013629,-0.011544,0.010263
491,8.073785,0.037192,0.096202,-0.364859,0.012808,-0.011577,0.010143
492,8.073843,0.095787,0.093108,0.525114,0.012808,-0.011498,0.010040
493,8.073900,0.016823,-0.038934,-0.054845,0.014740,-0.010772,0.011113
494,8.073958,0.040568,-0.052118,-0.397277,0.012687,-0.010977,0.010636
495,8.074016,0.041018,-0.069282,0.175189,0.012168,-0.011436,0.010124
496,8.074074,0.057327,-0.115052,0.237880,0.012350,-0.011356,0.010045
497,8.074132,-0.024767,-0.058067,-0.604294,0.016624,-0.009172,0.010669
498,8.074190,0.014649,-0.113815,-0.438125,0.012185,-0.011479,0.010060
499,8.074248,0.065350,-0.062001,0.532882,0.013135,-0.010800,0.008824
500,8.074306,0.057897,-0.089263,-0.400777,0.012776,-0.011186,0.010335
501,8.074363,0.060005,-0.121090,0.958164,0.012432,-0.011734,0.010568
502,8.074421,0.117136,-0.181790,1.690435,0.012840,-0.011183,0.009951
503,8.074479,0.064006,-0.196063,-0.382794,0.012985,-0.011189,0.009945
504,8.074537,0.127915,-0.002030,0.056043,0.011454,-0.010306,0.011072
505,8.074595,-0.049853,0.000163,-0.067426,0.015870,-0.008043,0.012288
506,8.074653,-0.001575,0.032385,-0.545600,0.010814,-0.012890,0.008719
507,8.074711,0.058209,0.062758,0.691714,0.012507,-0.011797,0.009559
508,8.074769,-0.095798,0.189315,0.803649,0.013375,-0.011324,0.009958
509,8.074826,0.090673,0.306148,0.513590,0.012478,-0.011504,0.009952
510,8.074884,0.037291,0.319131,-0.294394,0.012791,-0.011395,0.009433
511,8.074942,0.155126,0.480122,0.137410,0.012392,-0.011278,0.009441
512,8.075000,0.008447,0.512993,0.360880,0.011188,-0.011757,0.009539
513,8.075058,0.018220,0.518117,0.523190,4.106618,1.552106,5.433573
514,8.075116,-2.775240,0.243862,-5.814591,2.439122,-0.979599,0.507192
515,8.075174,-2.002207,1.581458,-3.116504,0.258520,0.978370,-0.751528
516,8.075231,0.017139,0.111443,-0.424310,0.408327,1.170332,-1.812663
517,8.075289,0.010574,0.009767,-0.283246,0.427602,1.176915,-1.768762
518,8.075347,-0.062997,-0.005567,0.261152,0.251351,1.054068,-0.933457
519,8.075405,0.056415,0.105715,0.897768,0.215208,0.601637,-0.293030
520,8.075463,-0.049688,0.210137,-0.939507,0.013271,-0.013696,0.011145
521,8.075521,-0.058601,0.553713,-0.606834,0.010851,-0.017838,0.013777
522,8.075579,-0.087750,0.497966,-0.705213,0.009919,-0.018785,0.014590
523,8.075637,-0.113272,0.538427,0.121538,0.009571,-0.019174,0.013045
524,8.075694,-0.084009,0.457638,-0.142641,0.010072,-0.019986,0.014640
525,8.075752,-0.050561,0.405232,0.590248,0.010289,-0.019016,0.013296
526,8.075810,-0.001458,0.293662,-0.267511,1.500404,3.325675,8.034288
527,8.075868,-0.741919,-1.753163,-4.567346,0.158304,4.497003,8.717759
528,8.075926,0.522119,-2.787220,-1.399339,0.191212,0.085856,0.327698
529,8.075984,-0.041211,-0.010048,-1.233244,0.235441,0.204772,-0.540460
530,8.076042,0.062575,-0.018744,-0.169968,0.337426,0.227579,-0.210558
531,8.076100,-0.056497,-0.085465,-0.934184,0.291169,0.164923,-0.462953
532,8.076157,-0.116599,-0.147183,0.707429,-0.040381,-0.279254,0.384719
533,8.076215,0.095992,0.105856,0.094488,0.654430,1.373468,-0.299821
534,8.076273,-0.149756,-0.884004,-0.468927,0.173389,1.103905,-2.762640
535,8.076331,0.193959,-0.779992,1.539797,0.246609,-0.881451,2.237589
536,8.076389,-0.318439,0.490067,-2.296598,-0.120099,1.530291,-4.890431
537,8.076447,0.583019,-1.047825,1.471473,0.091499,1.059782,-2.733289
538,8.076505,0.340952,-0.617387,0.880576,0.379581,2.760151,-5.977910
539,8.076563,0.650347,-1.643659,1.932302,-0.313134,-0.512440,5.371689
540,8.076620,0.081539,0.229412,-1.239565,-2.525585,-2.764745,0.960067
541,8.076678,1.548327,1.430146,1.971525,0.148806,-0.638441,-4.037061
542,8.076736,0.108497,0.540912,0.505536,-6.251845,-11.570529,-12.636283
543,8.076794,3.137402,6.480872,9.892860,0.569410,2.596939,3.335921
544,8.076852,0.032079,-1.499337,-0.809663,1.961389,5.664170,9.335003
545,8.076910,-0.571830,-3.105619,-4.975743,-1.154345,-1.368089,-1.511994
546,8.076968,0.802829,0.795417,2.050438,0.841503,2.468606,3.415534
547,8.077025,-0.178387,-1.378966,-1.759357,0.212669,0.159155,0.113951
548,8.077083,-0.026296,-0.006954,0.728306,0.098519,0.043302,1.004464
549,8.077141,0.223235,0.097190,0.228520,0.516808,0.271721,0.318563
550,8.077199,-0.052650,-0.064746,-0.198323,0.446210,0.123801,-0.321122
551,8.077257,0.031724,-0.083344,-1.022808,0.586498,0.113094,-0.690116
552,8.077315,-0.086706,0.023545,-0.258548,0.599488,-0.060078,1.026743
553,8.077373,-0.133360,0.024441,-0.739822,0.516678,-0.040183,0.336238
554,8.077431,-0.114113,-0.039991,-0.380454,0.369715,-0.176786,-0.054582
555,8.077488,0.012679,0.019647,-0.566115,0.471266,-0.119071,-0.588371
556,8.077546,-0.034044,0.042893,0.338812,0.423179,-0.145494,0.002572
557,8.077604,-0.104677,0.037868,-0.256575,0.299740,-0.164808,-0.127311
558,8.077662,-0.037650,-0.058835,-0.195332,0.238364,-0.320322,-0.307109
559,8.077720,-0.212141,0.047618,0.663375,-0.811744,0.700356,6.327810
560,8.077778,0.550137,-0.637421,-1.689478,0.026158,-0.259853,-1.739771
561,8.077836,-0.074228,-0.013289,0.452371,-0.121718,-0.277161,0.329290
562,8.077894,-0.144361,0.009428,-0.590988,-0.339998,-0.356040,-0.773457
563,8.077951,0.064728,0.140015,1.170178,0.033030,0.054970,3.316964
564,8.078009,-0.269938,-0.049791,-1.162226,-0.220864,-0.136343,0.336303
565,8.078067,-0.000428,0.039098,0.142646,-0.143555,-0.048176,0.553230
566,8.078125,-0.067374,-0.031653,-0.452226,-0.214925,-0.088846,-0.159492
567,8.078183,-0.110708,-0.037435,0.100868,-0.346615,-0.204744,-0.145822
568,8.078241,0.223615,0.254029,1.549489,0.003018,0.087009,0.186400
569,8.078299,-0.172710,0.134681,0.325878,-0.192653,0.165911,0.423259
570,8.078356,0.121388,0.060033,-1.751264,0.576677,-0.032243,-8.792965
571,8.078414,-0.331431,0.030080,1.890237,-0.092702,0.066863,0.132853
572,8.078472,-0.020607,0.037315,0.600352,-0.116950,0.026547,0.438793
573,8.078530,-0.162075,0.143885,-0.447070,-0.273219,0.272308,0.399132
574,8.078588,0.093439,0.103374,1.033399,-0.133279,0.387372,1.073889
575,8.078646,0.087729,0.148402,0.637158,0.011244,0.591660,0.936765
576,8.078704,0.069855,0.038160,-0.160353,0.137441,0.635125,0.021765
577,8.078762,-0.092576,-0.074407,0.284104,-0.023457,0.375126,0.048557
578,8.078819,-0.080207,0.121216,-0.235838,-0.098104,0.604166,0.392823
579,8.078877,0.010559,0.002517,-0.848792,0.899581,2.456315,-0.528037
580,8.078935,-0.516279,-0.897498,-0.866431,0.631617,3.187490,-1.108799
581,8.078993,-0.256301,-1.418269,-0.233004,-0.577304,-0.384125,0.080242
582,8.079051,0.235984,0.710915,1.099385,-0.298468,0.309034,-0.200080
583,8.079109,0.035755,0.259030,-0.610960,-0.216653,-1.133304,0.829443
584,8.079167,-0.157539,1.150610,0.250822,0.538638,1.617855,-0.377896
585,8.079225,-0.441003,-0.588521,-1.698817,-0.448053,0.484780,-1.269547
586,8.079282,0.182833,-0.144975,0.299833,-0.346529,0.313239,-0.456162
587,8.079340,0.174384,-0.001734,0.930154,-0.037272,0.425963,1.953700
588,8.079398,-0.027994,0.044645,-0.318337,-0.009132,0.491099,1.296474
589,8.079456,0.031057,-0.096294,0.949721,0.010084,1.246325,37.736496
590,8.079514,-0.358872,0.202573,-12.056127,0.015270,-0.023072,0.011804
591,8.079572,-0.007081,0.013497,0.295434,0.322204,0.103068,-0.149545
592,8.079630,-0.181511,-0.087596,-0.963595,-0.204392,0.598707,-0.008285
593,8.079687,0.262016,-0.496076,-0.457472,0.574068,0.292555,-2.427845
594,8.079745,-0.415998,-0.207438,0.484924,0.750977,-0.291576,0.211960
595,8.079803,-0.604271,0.306128,-1.109984,-3.471844,3.778474,17.953281
596,8.079861,2.774179,-2.477456,-0.977243,-3.192672,3.496168,18.936024
597,8.079919,2.530304,-2.273610,-1.699810,-4.838511,5.139046,27.526987
598,8.079977,4.006386,-3.352217,-0.970502,0.301395,0.866547,-0.237399
599,8.080035,0.027417,-0.547072,-0.969483,0.158828,1.930771,-0.853511
600,8.080093,0.236242,-1.299804,-0.826664,-0.585659,0.834599,-0.784691
601,8.080150,0.612005,-0.704027,0.652325,-0.588792,0.762142,-0.433920
602,8.080208,0.645608,-0.685823,1.520611,-1.307751,-1.382008,0.143600
603,8.080266,0.814613,0.564086,2.279158,-0.324268,1.217066,-0.958938
604,8.080324,0.516429,-0.819581,1.081780,-0.708514,0.812733,-0.540205
605,8.080382,0.652369,-0.677075,-0.224857,0.162867,-0.112865,-6.755034
606,8.080440,-0.047116,-0.115836,1.691569,-0.130419,-0.277112,4.918917
607,8.080498,0.054445,0.339346,-0.499982,0.274960,0.502419,-3.736418
608,8.080556,-0.138669,-0.389194,1.309943,0.127868,0.256153,-1.471522
609,8.080613,-0.158794,-0.236036,0.304458,-0.394245,-0.428325,6.684159
610,8.080671,0.179325,0.486335,-0.564417,-0.035925,0.207119,2.452920
611,8.080729,0.121248,0.016610,-1.196441,0.006922,-0.022488,0.012478
612,8.080787,0.054689,0.025874,0.536163,0.058659,0.004621,0.110593
613,8.080845,-0.075135,0.010724,0.033359,0.012774,-0.047225,0.044284
614,8.080903,0.264066,0.156676,0.059482,0.064250,0.013688,-0.022185
615,8.080961,0.187567,0.020447,-0.219325,0.094257,0.169000,-0.240626
616,8.081019,0.192375,0.006258,-0.464122,0.364843,-0.112166,0.993113
617,8.081076,0.005950,0.308459,-0.721045,0.430355,0.079450,1.558033
618,8.081134,0.027935,0.271671,-0.180833,0.491321,0.420474,0.777862
619,8.081192,-0.073220,0.035933,0.439520,0.363445,0.541432,0.589759
620,8.081250,0.029829,-0.075152,-0.978813,0.397766,0.153097,0.806017
621,8.081308,-0.105226,0.132662,-0.575392,0.276266,0.204813,0.917418
622,8.081366,-0.188854,-0.028304,-1.746494,0.040590,-0.121624,0.312986
623,8.081424,0.002681,0.137075,0.136263,0.070606,0.109001,0.680632
624,8.081481,-0.149467,0.042123,-0.103095,0.054547,0.184494,0.221163
625,8.081539,-0.213300,-0.005142,0.184538,0.026709,0.155144,0.047373
626,8.081597,-0.238973,-0.028022,-0.945295,-0.187969,-0.043913,0.064200
627,8.081655,-0.008967,0.098184,0.368506,-0.121493,-0.101681,0.251100
628,8.081713,0.027110,0.111794,0.588344,-0.023537,-0.160376,0.031918
629,8.081771,-0.119839,0.150022,-0.198277,-0.071920,-0.160300,-0.260062
630,8.081829,0.096414,0.222618,1.254538,0.067651,0.169404,0.903111
631,8.081887,-0.002743,0.035804,0.102101,0.086215,0.056798,0.039073
632,8.081944,0.075169,0.186467,0.106623,0.222023,0.309669,0.125101
633,8.082002,0.126144,0.070175,-0.558399,0.361905,0.369036,-0.457077
634,8.082060,-0.075629,-0.052275,-0.745746,0.207820,0.315115,-0.202297
635,8.082118,0.099449,-0.050751,0.066660,0.335377,0.176879,0.141939
636,8.082176,-0.050025,-0.017962,-1.240997,0.126311,0.073558,-0.109553
637,8.082234,0.136467,0.003351,0.504168,0.153934,-0.040441,0.116827
638,8.082292,-0.072882,0.079533,-0.316711,0.036852,-0.118098,0.177019
639,8.082350,0.001276,-0.032728,0.069012,0.082105,0.003267,-0.009942
640,8.082407,-0.058456,0.000717,-0.130601,-0.013773,-0.165602,0.138895
641,8.082465,-0.131981,0.038992,1.151292,0.139686,0.003894,0.047112
642,8.082523,-0.017974,0.013998,-0.730014,-0.010976,-0.010793,0.142883
643,8.082581,0.002394,0.056652,1.934042,0.207730,-0.010763,0.294061
644,8.082639,-0.118743,0.105938,0.642394,0.222910,0.120453,0.217033
645,8.082697,-0.196969,-0.021096,1.408673,0.257475,-0.002025,0.323286
646,8.082755,-0.334016,0.183810,0.389956,0.214793,0.183398,0.080256
647,8.082813,-0.255281,-0.012796,-0.071298,0.066595,0.065585,0.299925
648,8.082870,-0.157658,0.174858,-1.085602,-0.199224,-0.228017,0.302406
649,8.082928,0.094388,0.182647,-0.258790,-0.029379,0.347994,-0.218707
650,8.082986,0.076462,-0.043520,-0.522069,0.008666,-0.009444,0.004631
651,8.083044,0.044021,0.130732,-0.694757,-2.566193,9.772732,-19.940594
652,8.083102,2.101511,-7.511241,8.353439,0.273897,-1.297090,-0.968045
653,8.083160,-0.288350,0.903488,-0.838921,3.479612,-13.462205,23.274546
654,8.083218,-2.866686,10.478012,-11.208252,-0.548382,5.980033,-10.072117
655,8.083275,0.460743,-4.324774,3.914064,-1.138984,6.593770,-13.203590
656,8.083333,0.979386,-4.930755,5.241232,-1.824479,1.874748,-5.265948
657,8.083391,1.449603,-1.793197,4.833300,0.679027,-0.642566,4.409451
658,8.083449,-0.432459,0.718148,-1.812429,2.841699,-9.622782,20.068222
659,8.083507,-2.233629,7.691453,-10.216530,1.303174,-3.375132,7.115389
660,8.083565,-0.990651,2.909124,-1.838633,0.802902,-0.750010,1.677941
661,8.083623,-0.578166,0.806654,-0.101318,0.506932,-0.038778,0.353345
662,8.083681,-0.369596,0.273707,-1.368477,0.088778,-0.007504,-0.051787
663,8.083738,-0.020643,0.129546,0.062770,0.028606,-0.099860,0.242457
664,8.083796,0.137499,0.156898,-0.313539,-0.015551,-0.170955,0.119110
665,8.083854,0.199361,0.086134,-1.835466,-0.229471,-0.230052,-0.048501
666,8.083912,0.347359,0.066023,-0.471138,-0.101349,-0.051947,-0.132164
667,8.083970,0.289620,-0.018764,0.098124,-0.005269,-0.054297,0.082295
668,8.084028,0.317884,0.118181,0.419250,0.147422,0.103962,0.172076
669,8.084086,0.218323,-0.049436,0.278086,0.162670,0.017773,0.008747
670,8.084144,0.083429,0.003210,-0.552264,0.091277,0.033762,-0.302754
671,8.084201,0.114188,-0.071114,-0.198587,0.025853,-0.059324,-0.214981
672,8.084259,0.252735,-0.037797,1.486340,0.236229,-0.015117,-0.282672
673,8.084317,-0.042448,-0.061414,0.126046,0.051346,-0.236455,0.228972
674,8.084375,0.038424,0.087491,-0.520887,-0.009562,-0.165118,0.037342
675,8.084433,0.178083,0.131894,0.338933,0.067130,-0.136285,0.006365
676,8.084491,0.084953,0.027476,-0.256757,0.382118,-0.233024,-0.167231
677,8.084549,-0.068378,0.234115,-0.898272,0.845581,-0.655175,-0.039347
678,8.084606,-0.393531,0.606642,0.233439,1.379222,-1.029144,7.130060
679,8.084664,-0.503300,1.398720,-3.208696,2.910004,-5.338936,14.635888
680,8.084722,-1.536125,4.898427,-8.890046,2.765237,-5.707966,9.783049
681,8.084780,-1.690591,4.881504,-5.910776,1.043174,0.222757,2.276585
682,8.084838,-0.520740,0.376358,-2.536146,-0.175582,3.559275,-10.075889
683,8.084896,0.235109,-2.775613,2.065856,-0.001472,-0.028919,0.022153
684,8.084954,0.253170,0.209433,0.702620,-0.028464,-0.054423,0.042583
685,8.085012,0.353921,0.180018,1.050745,-0.006248,-0.026385,0.021085
686,8.085069,0.136914,0.081918,0.080584,-0.002999,-0.021511,0.016647
687,8.085127,0.261419,0.167139,-1.380793,-0.014985,-0.043353,0.032216
688,8.085185,0.382727,0.341804,0.520334,0.944124,-0.098003,3.836640
689,8.085243,-0.240900,0.688390,-2.199602,-0.117960,0.923803,-0.002916
690,8.085301,0.427210,-0.390097,-0.150243,-0.524933,1.711988,-5.159787
691,8.085359,0.529129,-1.392489,1.749060,-0.624863,1.833170,-7.052200
692,8.085417,0.708434,-1.584538,2.990523,0.435688,0.830665,-1.980130
693,8.085475,0.050301,-0.281979,0.218722,2.458438,-2.031408,7.961995
694,8.085532,-1.196677,2.654507,-5.738526,1.418024,-0.741835,3.565378
695,8.085590,-0.588134,1.346089,-2.090090,1.102002,0.062314,1.427770
696,8.085648,-0.439086,0.692682,-0.279518,0.004367,-0.007789,0.008528
697,8.085706,0.292895,0.478308,0.685161,0.002760,-0.026430,0.014907
698,8.085764,0.298224,0.428220,0.110192,0.013225,0.002346,0.000009
699,8.085822,0.324863,0.440930,1.237432,0.002376,-0.012803,0.010249
700,8.085880,0.149490,0.387239,-0.988988,-0.010951,-0.032559,0.024086
701,8.085938,0.280184,0.419263,-0.356600,-0.018401,-0.040914,0.029435
702,8.085995,0.091134,0.390564,1.061533,0.011133,-0.003836,0.004380
703,8.086053,0.104600,0.304771,0.144534,0.006722,-0.009297,0.006811
704,8.086111,0.320082,0.250586,-0.956996,0.002518,-0.016948,0.011344
705,8.086169,0.374504,0.177975,1.095582,-0.006857,-0.032479,0.024315
706,8.086227,0.318276,0.132012,-0.846407,0.011256,-0.000112,-0.000577
707,8.086285,0.146305,0.254089,-0.224038,-0.000684,-0.020644,0.013271
708,8.086343,0.160124,0.168872,0.006801,0.028489,-0.011384,0.026635
709,8.086400,0.123200,0.231422,-0.032098,0.041673,0.065273,-0.072762
710,8.086458,-0.020520,0.110000,0.003809,0.216299,0.150826,-0.423304
711,8.086516,-0.257006,0.021155,-0.138057,-0.204202,0.249008,0.422927
712,8.086574,0.097714,-0.182247,-0.133553,-0.434338,0.066850,0.402600
713,8.086632,0.258792,-0.060466,0.585021,0.004193,-0.026888,0.012092
714,8.086690,0.023513,0.036626,0.565055,0.003613,-0.025531,0.010445
715,8.086748,0.096906,0.086540,0.804686,0.002507,-0.024071,0.011952
716,8.086806,0.139845,-0.144459,-1.452283,0.000842,-0.021190,0.011168
717,8.086863,-0.024906,-0.187636,-1.195931,0.001753,-0.023998,0.012870
718,8.086921,0.132527,-0.015563,-0.565491,0.001352,-0.023397,0.013813
719,8.086979,0.011904,-0.185935,0.112369,0.001066,-0.022459,0.011584
720,8.087037,0.136035,-0.145754,-0.333278,0.001242,-0.023137,0.013046
721,8.087095,-0.073993,-0.139173,-0.780803,0.001355,-0.023631,0.013202
722,8.087153,-0.120037,-0.113825,-0.928924,0.001116,-0.023008,0.013020
723,8.087211,-0.068842,-0.127271,-0.746789,0.003108,-0.028609,0.016083
724,8.087269,0.021892,-0.109127,-0.051475,0.000501,-0.021274,0.015318
725,8.087326,0.051773,-0.197275,1.432532,0.001135,-0.023556,0.012945
726,8.087384,0.074236,-0.153919,1.325341,0.001055,-0.023351,0.012924
727,8.087442,0.166321,-0.100061,-1.187649,0.000959,-0.022949,0.013138
728,8.087500,0.199427,-0.017309,-1.367902,-0.000498,-0.019904,0.011820
729,8.087558,0.217450,-0.009599,-0.997926,0.000662,-0.022720,0.014362
730,8.087616,0.114773,-0.072395,-1.498306,0.000989,-0.023734,0.013432
731,8.087674,0.034523,-0.126774,-1.463168,0.000983,-0.023845,0.013313
732,8.087731,0.130554,-0.063712,-1.029027,0.000974,-0.023798,0.013558
733,8.087789,0.148602,-0.040718,0.069717,0.001052,-0.023627,0.012835
734,8.087847,0.096528,0.128130,-0.524458,0.000641,-0.022773,0.012258
735,8.087905,0.089820,0.118470,0.175049,0.001314,-0.024734,0.012534
736,8.087963,0.073397,0.144853,0.446992,0.001344,-0.024398,0.012922
737,8.088021,0.265415,0.281686,-0.173413,0.001340,-0.025079,0.013863
738,8.088079,0.297521,0.262199,0.016580,0.001122,-0.023492,0.010794
739,8.088137,0.346499,0.214893,0.170861,0.001638,-0.025477,0.013171
740,8.088194,0.434325,0.414449,-0.642536,0.004184,-0.031817,0.017361
741,8.088252,0.317825,0.447281,-0.766219,0.001307,-0.024645,0.013294
742,8.088310,0.360622,0.467885,-1.193757,0.001462,-0.024747,0.013469
743,8.088368,0.326544,0.489997,-0.779885,0.001458,-0.024805,0.013486
744,8.088426,0.381580,0.447038,0.319110,0.001547,-0.024941,0.013211
745,8.088484,0.325530,0.382119,0.682455,0.001569,-0.024710,0.013319
746,8.088542,0.116540,0.411991,-0.266646,-0.021474,0.162004,-0.027144
747,8.088600,0.107602,0.225073,0.295026,-0.044462,0.385362,-0.067835
748,8.088657,0.024688,0.003221,-0.383973,-0.016589,0.070015,-0.012107
749,8.088715,0.010281,0.272941,0.261708,0.005990,0.021741,0.006687
750,8.088773,0.051759,0.283171,-0.709911,-0.004134,0.004681,0.008200
751,8.088831,-0.027465,0.133069,-0.242363,-0.003620,0.001593,0.009413
752,8.088889,-0.010651,0.145216,-0.943469,-0.003688,0.002522,0.009206
753,8.088947,0.067349,0.107607,-0.760286,-0.004417,0.000578,0.009446
754,8.089005,0.020033,0.125710,-0.905733,-0.004918,-0.000500,0.009556
755,8.089062,0.130491,0.263303,-0.083985,-0.004083,-0.002304,0.011262
756,8.089120,0.065039,0.161757,0.380448,-0.004397,-0.002200,0.009969
757,8.089178,0.252206,0.139511,0.346766,-0.004349,-0.002751,0.010167
758,8.089236,0.314218,0.117887,1.104577,-0.019018,0.114695,-0.016820
759,8.089294,0.206848,0.096116,0.128506,-0.020403,0.123351,-0.018704
760,8.089352,0.160237,0.051265,-1.361164,-0.020072,0.118481,-0.018059
761,8.089410,0.076162,0.072434,-0.280710,-0.020806,0.120746,-0.019018
762,8.089468,-0.027567,-0.033213,-0.597023,-0.015481,0.086996,-0.009557
763,8.089525,-0.149348,-0.007190,0.385156,-0.013912,0.070958,-0.007240
764,8.089583,-0.169593,-0.181650,0.907523,-0.029005,0.176280,-0.034566
765,8.089641,-0.179754,-0.110983,-0.037417,-0.007891,0.030318,0.007017
766,8.089699,-0.194097,-0.109703,-0.163086,-0.032128,0.192048,-0.041176
767,8.089757,-0.197051,-0.219086,-0.324847,-0.034200,0.202257,-0.042926
768,8.089815,-0.165357,-0.270027,-0.161016,-0.031362,0.180529,-0.036756
769,8.089873,-0.081023,-0.226308,0.180683,-0.032222,0.182718,-0.036139
770,8.089931,-0.024621,-0.216774,0.125554,-0.034073,0.193424,-0.038208
771,8.089988,-0.058176,-0.235014,1.228774,-0.033389,0.181845,-0.036766
772,8.090046,0.011947,-0.308520,0.534689,-0.014636,0.151853,-0.023613
773,8.090104,0.138840,-0.181858,-0.326012,-0.034240,0.171995,-0.036171
774,8.090162,0.077960,-0.150489,0.467908,8.303844,-45.425508,12.222211
775,8.090220,-2.367599,31.285227,-9.688130,0.068952,-0.029128,-0.009262
776,8.090278,0.179690,0.148442,-0.278467,0.030717,0.048598,-0.019931
777,8.090336,0.121777,0.062562,-0.446497,0.000282,0.074410,-0.015463
778,8.090394,0.166346,-0.077896,1.129175,-0.011365,-0.045172,0.021533
779,8.090451,0.328867,0.256216,0.232623,0.015291,0.075226,-0.021363
780,8.090509,0.315773,0.149866,0.219157,-0.006156,0.020140,-0.000407
781,8.090567,0.284367,0.096240,-0.645275,0.025734,0.102026,-0.032646
782,8.090625,0.243439,0.144002,-0.339436,-0.021700,0.135054,-0.025514
783,8.090683,0.214053,0.241059,-0.896336,-0.022258,0.137403,-0.026508
784,8.090741,0.232105,0.080384,0.605402,-0.020839,0.126309,-0.023142
785,8.090799,0.228961,0.192924,1.295535,-0.021319,0.127857,-0.024231
786,8.090856,0.128011,1.372440,0.036593,-0.016876,0.092603,-0.016226
787,8.090914,0.213781,-0.398497,0.052104,-0.017112,0.093452,-0.016922
788,8.090972,0.008756,-0.428899,-0.244428,-0.028940,0.137344,-0.028929
789,8.091030,0.036557,-0.691405,0.258711,-0.019695,0.107414,-0.020465
790,8.091088,0.298195,-0.885562,0.168231,-0.018927,0.103839,-0.019558
791,8.091146,0.330847,0.034779,0.409090,-0.019062,0.105505,-0.017694
792,8.091204,0.424859,-0.839459,0.419572,-0.020039,0.109817,-0.021174
793,8.091262,0.459887,-0.013203,-0.114817,0.045110,-0.336340,0.104930
794,8.091319,0.367574,-1.027050,0.700536,-0.020208,0.109096,-0.021231
795,8.091377,0.224863,-0.895290,0.016573,-0.017418,0.088630,-0.016383
796,8.091435,0.167733,-0.681801,0.184664,-0.019287,0.100642,-0.019156
797,8.091493,0.144837,-0.838991,0.536943,-0.020542,0.108065,-0.021061
798,8.091551,0.133913,-0.359726,0.702943,-0.020578,0.107356,-0.020937
799,8.091609,0.054910,0.125099,0.532381,-0.020450,0.105062,-0.019847
800,8.091667,0.211005,0.048993,0.416742,-0.019471,0.099766,-0.017566
801,8.091725,0.229803,0.024001,0.286485,-0.019153,0.097421,-0.015998
802,8.091782,0.133803,-0.142562,-0.021241,-0.015962,0.073678,-0.013278
803,8.091840,0.207646,-0.540328,-0.025964,-0.013721,0.059187,-0.009546
804,8.091898,-0.046510,-0.000491,-0.047468,0.001250,-0.005422,0.046320
805,8.091956,0.023468,0.312561,0.071093,0.009375,-0.029066,0.100213
806,8.092014,0.073908,0.400501,0.093757,0.009809,-0.028777,0.100748
807,8.092072,0.219646,0.313346,0.133769,0.008900,-0.025587,0.094491
808,8.092130,-0.019417,0.483456,0.100907,0.010038,-0.027185,0.099047
809,8.092188,-0.121710,0.250235,0.081708,0.010890,-0.030423,0.104704
810,8.092245,-0.189504,0.036695,0.043601,-0.040114,0.112954,-0.192536
811,8.092303,-0.007280,0.017700,0.026918,0.008964,-0.025509,0.086389
812,8.092361,-0.207938,0.076966,0.078042,0.010995,-0.030774,0.103098
813,8.092419,-0.118480,0.418241,0.094772,0.010633,-0.027984,0.102081
814,8.092477,0.044497,0.491316,0.119894,0.009554,-0.025462,0.097116
815,8.092535,-0.051279,0.278195,0.085554,0.011130,-0.028600,0.103617
816,8.092593,-0.082563,0.066591,0.269646,0.008636,-0.022904,0.088010
817,8.092650,-0.096514,0.328295,0.230745,0.009048,-0.022413,0.091668
818,8.092708,-0.142510,0.162392,0.273015,0.008893,-0.022218,0.090151
819,8.092766,-0.011486,0.212004,0.290713,0.009386,-0.021756,0.090666
820,8.092824,0.036169,0.123736,0.347627,0.008543,-0.021895,0.088979
821,8.092882,0.122768,0.268332,0.295371,0.008994,-0.021656,0.090918
822,8.092940,0.166613,0.071528,0.326594,0.008803,-0.021974,0.088144
823,8.092998,0.122603,0.011167,0.316439,0.008368,-0.023186,0.082540
824,8.093056,0.281628,0.036817,0.296425,0.008801,-0.022434,0.086195
825,8.093113,0.227589,0.008725,0.276547,0.008527,-0.023398,0.082194
826,8.093171,0.277602,-0.030545,0.224611,0.020930,0.007199,0.222782
827,8.093229,0.155317,-0.030268,0.238272,0.009258,-0.022162,0.088874
828,8.093287,0.102609,-0.245246,0.098921,0.011454,-0.024321,0.104202
829,8.093345,-0.017387,0.083470,0.162702,0.010361,-0.022542,0.093038
830,8.093403,-0.133725,0.079883,0.133987,0.010429,-0.023338,0.094456
831,8.093461,-0.034487,0.102026,0.191713,0.010158,-0.021734,0.092375
832,8.093519,-0.019607,0.090624,0.159440,0.010555,-0.022196,0.093492
833,8.093576,0.057295,-0.016189,0.266987,0.007568,-0.026314,0.067284
834,8.093634,0.096729,0.179383,0.302525,0.009781,-0.020393,0.091573
835,8.093692,0.079625,-0.193016,0.279547,0.010296,-0.019322,0.096706
836,8.093750,0.151633,-0.132993,0.250707,0.010640,-0.018974,0.098959
837,8.093808,0.226589,-0.039062,0.257901,0.026891,0.023486,0.282373
838,8.093866,0.228225,0.143353,0.322468,0.010112,-0.019677,0.092572
839,8.093924,0.263586,0.165516,0.237458,0.010326,-0.020193,0.093062
840,8.093981,0.332585,0.037955,0.228922,0.010094,-0.021056,0.089500
841,8.094039,0.310584,0.028362,0.167967,0.010401,-0.022018,0.090202
842,8.094097,0.307588,-0.098866,0.076750,0.014429,-0.024864,0.117826
843,8.094155,0.263554,-0.267079,0.073075,0.015593,-0.028926,0.121167
844,8.094213,0.180562,-0.070371,0.058304,0.028011,-0.051124,0.189417
845,8.094271,0.253519,0.367778,-0.036247,0.008804,-0.014983,0.084668
846,8.094329,0.246588,0.472217,-0.066495,0.008748,-0.014566,0.084329
847,8.094387,0.168590,0.324084,-0.158773,0.009437,-0.015990,0.087483
848,8.094444,0.107599,0.437325,-0.165293,0.009522,-0.015892,0.088008
849,8.094502,0.101621,0.247147,-0.144227,0.009432,-0.015768,0.087076
850,8.094560,0.115630,-0.136475,-0.123413,0.009894,-0.014069,0.092285
851,8.094618,0.223610,-0.050986,0.032396,-0.029345,0.077961,-0.087704
852,8.094676,0.240668,0.405869,-0.043892,0.026080,-0.048513,0.169145
853,8.094734,0.165543,0.609616,0.052558,0.002534,-0.000589,0.052681
854,8.094792,0.064626,0.167770,0.030231,0.026133,-0.048435,0.168374
855,8.094850,0.173627,0.320345,0.183550,0.011992,-0.019360,0.098648
856,8.094907,0.399596,0.405387,0.201149,0.011705,-0.018387,0.097049
857,8.094965,0.327572,0.259231,0.203310,0.011699,-0.018364,0.096586
858,8.095023,0.378579,-0.116467,0.325270,0.011959,-0.015840,0.101375
859,8.095081,0.374567,-0.070564,0.386498,0.012620,-0.013608,0.108758
860,8.095139,0.282552,0.201651,0.366360,0.011387,-0.017202,0.094363
861,8.095197,0.284582,0.270699,0.308299,0.011582,-0.017200,0.095311
862,8.095255,0.270580,0.204490,0.377512,0.011483,-0.016970,0.094470
863,8.095312,0.222587,0.077725,0.232270,0.011693,-0.018026,0.094159
864,8.095370,0.136594,0.108009,0.034952,-0.023706,0.048141,-0.075069
865,8.095428,0.152721,0.075561,0.052912,0.012803,-0.019701,0.099168
866,8.095486,0.201608,0.151074,-0.032995,0.009085,-0.011966,0.082091
867,8.095544,0.108603,0.131990,-0.077917,0.009776,-0.013225,0.085253
868,8.095602,0.256631,0.232164,-0.007513,0.007650,-0.008704,0.075416
869,8.095660,0.255602,-0.015502,-0.143108,0.008491,-0.019513,0.066302
870,8.095718,0.461629,0.289481,-0.092645,0.010280,-0.012928,0.087673
871,8.095775,0.478581,0.077421,0.040871,0.040376,-0.066854,0.227867
872,8.095833,0.286500,0.262718,0.085623,-0.005316,0.014721,0.014100
873,8.095891,0.266630,-0.010941,0.027016,0.017238,-0.031770,0.109869
874,8.095949,0.227597,0.063338,0.191184,0.012563,-0.017667,0.095754
875,8.096007,0.426591,-0.027284,0.259575,0.002310,-0.045471,-0.015377
876,8.096065,0.410781,0.172671,0.397881,0.012157,-0.015740,0.094537
877,8.096123,0.031358,-0.384215,-0.408654,0.007440,-0.015342,0.099617
878,8.096181,0.053258,-0.441799,-0.377272,0.008500,-0.014430,0.100668
879,8.096238,-0.108456,-0.486661,-0.409682,0.014972,-0.011406,0.102629
880,8.096296,-0.239875,-0.465497,-0.541313,0.012881,-0.012699,0.100406
881,8.096354,-0.246199,-0.437558,-0.446326,0.012937,-0.012411,0.101528
882,8.096412,-0.361159,-0.334607,-0.535957,0.012274,-0.013240,0.100601
883,8.096470,-0.190795,-0.288875,-0.509352,0.013036,-0.013015,0.101343
884,8.096528,-0.172502,-0.164051,-0.387503,0.012499,-0.014524,0.103673
885,8.096586,0.089332,-0.056255,0.025452,-0.005845,-0.051663,0.083852
886,8.096644,0.177917,0.010983,-0.090346,0.019971,0.013044,0.157018
887,8.096701,0.290785,0.148657,-0.081964,0.007204,-0.027638,0.031550
888,8.096759,0.445556,0.181862,-0.012143,0.004842,-0.035983,0.003473
889,8.096817,0.565360,0.261614,0.052460,0.010277,-0.018328,0.068187
890,8.096875,0.493220,0.251179,0.095454,0.011622,-0.013834,0.083624
891,8.096933,0.532259,0.328202,0.290910,0.012146,-0.012076,0.091022
892,8.096991,0.487233,0.295972,0.389446,0.012322,-0.011505,0.092260
893,8.097049,0.557262,0.231051,0.099711,0.011992,-0.012976,0.085294
894,8.097106,0.282215,0.074280,-0.108956,0.017564,0.005409,0.138668
895,8.097164,0.181478,0.024847,-0.201439,0.016897,0.002543,0.112936
896,8.097222,-0.137215,-0.103762,-0.239147,0.012870,-0.014345,0.112083
897,8.097280,-0.268121,-0.209066,-0.526302,0.012787,-0.012741,0.102819
898,8.097338,-0.341048,-0.273657,-0.408432,0.013092,-0.011402,0.104043
899,8.097396,-0.425835,-0.318147,-0.436315,0.013088,-0.011110,0.103573
900,8.097454,-0.437686,-0.275938,-0.290054,0.013283,-0.010313,0.107311
901,8.097512,-0.329672,-0.339137,-0.426245,0.013465,-0.010593,0.104014
902,8.097569,-0.491866,-0.376862,-0.643163,0.013120,-0.011024,0.101878
903,8.097627,-0.446608,-0.351751,-0.679878,0.013153,-0.011075,0.101829
904,8.097685,-0.373655,-0.216823,-0.656749,0.012811,-0.012168,0.102440
905,8.097743,-0.126761,-0.112552,-0.350826,0.013311,-0.014411,0.107937
906,8.097801,0.018620,-0.019944,-0.311035,0.019452,0.015540,0.098097
907,8.097859,0.247829,0.067408,-0.110776,0.019557,0.012183,0.152695
908,8.097917,0.399552,0.276446,0.047666,0.012300,-0.012161,0.085647
909,8.097975,0.459354,0.264124,-0.035293,0.007926,-0.027619,0.033421
910,8.098032,0.427333,0.350205,0.006861,0.005551,-0.045247,0.074219
911,8.098090,0.215362,0.351381,0.126319,0.011433,-0.015067,0.095386
912,8.098148,0.107796,0.342850,0.260006,0.011665,-0.009608,0.089857
913,8.098206,-0.090048,0.193964,0.238681,0.017742,-0.005662,0.090516
914,8.098264,-0.212860,0.132914,0.483328,0.015713,-0.004749,0.090820
915,8.098322,-0.085369,0.044804,0.423270,0.020245,-0.001235,0.095950
916,8.098380,-0.065895,-0.034926,0.172026,-0.006996,-0.057926,0.064745
917,8.098438,0.007083,-0.152171,0.112402,0.004417,-0.016509,0.077977
918,8.098495,-0.102757,-0.236865,0.251113,0.015616,-0.004964,0.079454
919,8.098553,-0.041992,-0.142563,0.321842,0.031764,0.008117,0.071083
920,8.098611,-0.074553,-0.218745,0.202234,0.019783,-0.001497,0.075846
921,8.098669,-0.090899,-0.302823,0.088359,0.016610,-0.004899,0.073107
922,8.098727,-0.065814,-0.189769,0.158828,0.019023,-0.004480,0.080271
923,8.098785,-0.001429,-0.298270,-0.036359,-0.003420,-0.047028,0.022773
924,8.098843,-0.044599,-0.138396,0.251043,0.023777,-0.000596,0.078783
925,8.098900,-0.043889,-0.080763,-0.230948,0.047190,0.017389,0.088142
926,8.098958,-0.029924,-0.059563,0.131670,0.000987,-0.019739,0.074886
927,8.099016,0.020863,-0.045818,0.145165,-0.002729,-0.033633,0.071326
928,8.099074,-0.041470,-0.036791,0.119994,0.071020,0.095570,0.094252
929,8.099132,0.151834,-0.037889,0.326554,0.010936,-0.007419,0.075199
930,8.099190,0.263142,-0.021682,-0.067070,0.026660,0.052283,0.147184
931,8.099248,0.128193,-0.045625,-0.294483,0.010602,-0.005905,0.085716
932,8.099306,0.034749,-0.084578,-0.031232,0.002939,-0.030958,0.042347
933,8.099363,0.031662,-0.033507,-0.085803,0.083136,0.179074,0.158873
934,8.099421,-0.253843,-0.065936,-0.211142,0.016542,0.005902,0.096195
935,8.099479,-0.426384,-0.064699,-0.035215,0.006779,-0.028856,0.047562
936,8.099537,-0.278687,-0.002014,0.231193,0.019362,0.007371,0.080600
937,8.099595,-0.265351,-0.203788,-0.031157,0.009008,-0.028638,0.043777
938,8.099653,-0.153796,-0.121729,0.017019,0.013760,-0.006305,0.046256
939,8.099711,-0.078485,-0.114829,-0.088359,0.020672,0.013090,0.102513
940,8.099769,-0.095342,-0.123607,0.001945,0.014897,-0.010324,0.068248
941,8.099826,0.063099,0.002612,-0.048501,0.063443,0.252755,0.500958
942,8.099884,0.122953,0.112133,-0.118347,0.014543,0.001532,0.076879
943,8.099942,0.099630,0.143193,0.293284,0.013745,-0.000371,0.080276
944,8.100000,0.174659,0.066592,0.097828,0.014534,-0.000982,0.077185
945,8.100058,0.288685,0.180572,0.300986,0.015009,0.002883,0.072323
946,8.100116,0.491755,0.261611,0.173619,0.014418,-0.002463,0.082442
947,8.100174,0.511087,0.154708,0.195707,0.015045,0.000754,0.077032
948,8.100231,0.255767,0.057426,0.019874,0.014286,-0.003430,0.066720
949,8.100289,0.254365,0.077908,0.248425,0.014922,-0.002591,0.094184
950,8.100347,0.253120,0.018307,0.121869,0.016474,0.003721,0.079157
951,8.100405,-0.017768,-0.230597,0.038481,-0.007943,-0.021842,0.073500
952,8.100463,0.080244,-0.308576,-0.029828,0.006352,-0.028340,0.035599
953,8.100521,-0.112183,-0.409706,-0.136951,0.019079,0.011736,0.082508
954,8.100579,-0.339803,-0.404097,-0.357720,0.016255,0.003684,0.088808
955,8.100637,-0.556894,-0.551466,-0.506449,0.015972,0.003405,0.086588
956,8.100694,-0.634631,-0.554205,-0.467229,0.015902,0.002955,0.089127
957,8.100752,-0.647807,-0.655959,-0.313387,0.016452,0.006556,0.083122
958,8.100810,-0.927932,-0.713876,-0.682109,0.015887,0.003605,0.085328
959,8.100868,-1.012458,-0.765950,-0.658482,0.015210,-0.002030,0.103824
960,8.100926,-0.801321,-0.485591,-0.286567,0.016265,0.005194,0.090645
961,8.100984,-0.680490,-0.455142,-0.709510,0.015921,0.003463,0.086252
962,8.101042,-0.553604,-0.317325,-0.651732,0.016074,0.004617,0.082772
963,8.101100,-0.296263,-0.197066,-0.270171,0.017999,0.016790,0.052446
964,8.101157,-0.112129,-0.085668,-0.502521,0.017263,0.005053,0.079511
965,8.101215,-0.021311,0.003467,-0.334106,-0.006979,0.001574,0.095710
966,8.101273,0.088061,0.074631,-0.447445,0.015174,0.007803,0.085138
967,8.101331,0.385693,0.233433,-0.096475,0.019796,0.024135,0.120268
968,8.101389,0.300249,0.278506,0.015806,0.014452,-0.000483,0.067772
969,8.101447,0.452129,0.376856,0.279983,0.015479,0.003708,0.077130
970,8.101505,0.589164,0.400330,0.690221,0.015809,0.004895,0.079352
971,8.101562,0.427136,0.402510,0.596864,0.015765,0.005504,0.077085
972,8.101620,0.360451,0.410273,0.577875,0.015598,0.004577,0.079978
973,8.101678,0.188213,0.271179,0.467682,0.015361,0.005324,0.077190
974,8.101736,0.057799,0.136166,0.257848,0.013881,0.003095,0.080001
975,8.101794,-0.037454,0.061603,0.275682,0.035806,0.016947,0.082930
976,8.101852,-0.242596,-0.008597,0.239089,0.025831,0.025508,0.086613
977,8.101910,-0.413069,-0.068090,0.318202,0.013621,-0.005005,0.087679
978,8.101968,-0.411154,-0.280700,0.063451,0.014959,-0.002450,0.077215
979,8.102025,-0.160424,-0.244516,-0.261537,0.017739,0.006705,0.096219
980,8.102083,-0.120979,-0.289395,-0.490162,0.018315,0.006837,0.089481
981,8.102141,-0.190364,-0.469190,-0.600531,0.017491,0.006671,0.088278
982,8.102199,-0.188502,-0.525915,-0.635080,0.016507,-0.003750,0.122393
983,8.102257,-0.045946,-0.438476,-0.733227,0.031614,0.016695,0.083166
984,8.102315,-0.111405,-0.389197,-0.448959,0.019213,0.007745,0.091512
985,8.102373,-0.235161,-0.447404,-0.493311,0.017341,0.006990,0.090092
986,8.102431,-0.238345,-0.405202,-0.558907,0.017271,0.006815,0.089724
987,8.102488,-0.280329,-0.329257,-0.470627,0.017041,0.006188,0.092828
988,8.102546,-0.025392,-0.268221,-0.252996,-0.034822,-0.022167,0.091950
989,8.102604,-0.178128,-0.298346,-0.186328,0.018575,0.015850,0.081650
990,8.102662,-0.002624,-0.118761,0.094068,0.005779,-0.007910,0.080716
991,8.102720,-0.067328,-0.240776,-0.230838,0.021077,0.011667,0.094576
992,8.102778,-0.002138,-0.152394,-0.188083,0.010156,0.006330,0.096401
993,8.102836,-0.115016,-0.175520,0.179230,0.017137,0.000615,0.088185
994,8.102894,-0.084206,-0.112846,0.423566,0.018951,0.005468,0.081389
995,8.102951,0.106557,-0.124086,0.505999,0.013388,-0.000408,0.090006
996,8.103009,0.002492,-0.161052,0.297896,0.008692,-0.000768,0.081574
997,8.103067,0.088762,-0.070584,0.304714,0.011961,-0.002823,0.083903
998,8.103125,0.039472,-0.035013,0.090378,-0.003582,-0.044289,0.075186
999,8.103183,0.205737,-0.023204,0.163422,0.019710,0.013367,0.092685
1000,8.103241,0.026781,-0.101056,0.159329,0.011268,-0.000998,0.079874
1001,8.103299,0.050918,-0.119084,0.183715,0.012030,-0.001775,0.085398
1002,8.103356,0.116672,-0.082851,1.885032,0.036135,0.046324,0.106172
1003,8.103414,0.189505,-0.039223,0.884635,0.029633,0.041853,0.117115
1004,8.103472,0.321852,-0.006657,-0.737013,0.030481,0.056209,0.117579
1005,8.103530,0.292259,-0.036586,-2.370510,0.029045,-0.000654,0.041449
1006,8.103588,0.325691,-0.030238,-0.087008,0.018170,-0.050333,0.241311
1007,8.103646,0.206376,-0.137417,0.934371,0.022649,0.013890,0.083523
1008,8.103704,-0.084178,-0.066880,-1.043164,0.030473,0.020583,0.088449
1009,8.103762,-0.127916,0.062249,-1.038670,0.058106,0.077650,0.121196
1010,8.103819,0.030918,0.004738,-1.441181,0.037512,0.083377,0.069554
1011,8.103877,-0.076270,-0.096837,-0.429119,0.031938,0.009048,0.063973
1012,8.103935,0.200657,-0.000942,-0.380765,0.022341,0.020661,0.091781
1013,8.103993,0.245813,-0.064740,0.893819,0.023925,0.022006,0.094258
1014,8.104051,0.080365,-0.139861,1.228013,0.037066,-0.024527,-0.036392
1015,8.104109,0.152027,-0.028135,-1.599587,0.022926,0.011834,0.093895
1016,8.104167,-0.202594,-0.128589,-1.532605,0.031111,0.011755,0.061261
1017,8.104225,-0.169671,-0.154772,0.453395,0.026830,0.019332,0.082374
1018,8.104282,-0.260393,-0.061792,0.192908,0.022739,0.015256,0.082803
1019,8.104340,-0.415116,-0.183378,0.601053,0.021265,0.026142,0.108535
1020,8.104398,-0.202122,-0.144087,0.136932,0.023100,0.023656,0.094010
1021,8.104456,0.027534,0.018025,0.355573,0.022756,0.033572,0.106062
1022,8.104514,0.158384,-0.050680,-0.515800,0.021918,0.021998,0.107534
1023,8.104572,0.159889,-0.057588,1.074886,0.022235,0.024485,0.103949
1024,8.104630,0.090328,-0.031512,-0.209453,0.018331,0.024322,0.147224
1025,8.104687,-0.031734,-0.077850,-0.866396,0.047507,0.019790,0.090838
1026,8.104745,-0.180641,-0.002280,-0.580400,0.023497,0.026800,0.103380
1027,8.104803,-0.088496,-0.047476,-0.146776,0.113051,-0.162798,-0.531417
1028,8.104861,-0.391309,-0.085060,0.882206,0.021005,0.027226,0.112785
1029,8.104919,-0.086969,-0.250750,-0.794590,0.021070,0.022706,0.112938
1030,8.104977,0.010648,-0.179475,-0.810511,0.019036,0.019472,0.097368
1031,8.105035,0.010433,-0.249643,0.886941,0.017053,0.016897,0.093029
1032,8.105093,0.110017,-0.253811,0.223484,0.023243,0.014184,0.073286
1033,8.105150,-0.172040,-0.263626,-1.135383,0.021013,0.026913,0.116855
1034,8.105208,-0.248365,-0.262062,-0.069572,0.018360,0.043744,0.069469
1035,8.105266,-0.211408,-0.160639,0.441940,0.021716,0.026334,0.106766
1036,8.105324,0.029924,-0.245506,-0.521898,0.019069,0.023056,0.109585
1037,8.105382,0.176851,-0.154459,-1.250809,0.021353,0.022717,0.104186
1038,8.105440,0.063349,-0.152063,-0.460635,0.019696,0.021682,0.108843
1039,8.105498,0.105743,-0.076336,-0.704723,0.020360,0.022560,0.109203
1040,8.105556,-0.114799,-0.131105,-0.109659,0.024979,-0.001590,0.220233
1041,8.105613,0.010240,-0.114143,-0.493489,0.016175,0.015449,0.108490
1042,8.105671,0.076917,-0.077210,0.274028,0.020227,0.023536,0.100938
1043,8.105729,-0.038238,-0.088869,0.224571,0.036296,0.023041,0.088865
1044,8.105787,0.009036,-0.081238,-0.628308,0.018452,0.022467,0.110712
1045,8.105845,0.202108,-0.008301,0.286844,0.019989,0.027610,0.093687
1046,8.105903,0.226222,-0.059023,0.583672,0.022822,0.027093,0.105023
1047,8.105961,0.296554,-0.124485,0.176919,0.021890,0.026496,0.100367
1048,8.106019,0.147538,-0.108649,-0.643427,0.022114,0.026159,0.110333
1049,8.106076,-0.018127,-0.199123,-1.456139,0.007585,0.024243,0.115583
1050,8.106134,0.318431,-0.076113,-0.501159,0.024544,0.031836,0.117040
1051,8.106192,0.226358,-0.113983,0.308055,0.021537,0.025857,0.102644
1052,8.106250,0.342561,-0.119626,-1.022144,0.021596,0.024649,0.108279
1053,8.106308,0.208986,-0.175625,-0.844255,0.021832,0.030830,0.118551
1054,8.106366,-0.060031,-0.125440,-0.133748,0.025640,0.021938,0.166253
1055,8.106424,-0.169994,-0.248037,0.452382,0.021895,0.029486,0.112663
1056,8.106481,-0.198349,-0.185032,-0.037468,0.022419,0.033022,0.081294
1057,8.106539,-0.186168,-0.125206,-0.261981,0.020025,0.032596,0.140008
1058,8.106597,-0.278340,-0.043003,0.255652,0.024757,0.018253,0.087365
1059,8.106655,-0.282755,-0.068661,-1.354183,0.018198,0.035500,0.141132
1060,8.106713,-0.270675,-0.080293,-0.041293,0.020376,0.039037,0.100685
1061,8.106771,-0.125112,0.076215,-0.476489,0.026650,0.019678,0.088197
1062,8.106829,0.100360,-0.087586,0.113195,0.044784,-0.044814,-0.093537
1063,8.106887,0.318304,-0.030013,-0.392126,0.004221,0.045333,0.222048
1064,8.106944,0.785958,0.012121,0.747576,0.033262,-0.001977,0.016701
1065,8.107002,0.578599,0.090453,-0.143482,0.023399,0.021279,0.113068
1066,8.107060,0.073570,-0.057692,-0.277909,0.083272,0.210362,0.258867
1067,8.107118,-0.146293,0.063802,-0.484835,0.050706,-0.034333,-0.082221
1068,8.107176,-0.169060,-0.100738,-0.227170,0.024595,0.017378,0.099640
1069,8.107234,-0.175420,-0.080309,0.454922,0.018099,0.010805,0.091519
1070,8.107292,-0.248458,-0.127771,-0.258900,0.022538,0.019486,0.108673
1071,8.107350,-0.090909,-0.134772,-0.616239,0.024718,0.021715,0.102672
1072,8.107407,0.057303,-0.124683,0.452393,0.020045,0.023414,0.100634
1073,8.107465,-0.180991,-0.077214,-0.089352,0.038000,-0.102669,0.656188
1074,8.107523,-0.310830,-0.398347,-1.278352,0.022529,0.020457,0.100684
1075,8.107581,-0.158555,-0.190580,-0.471450,0.024096,0.020737,0.100481
1076,8.107639,-0.366284,-0.262781,-0.347136,-0.012872,0.104563,0.365729
1077,8.107697,-0.191601,-0.186365,-0.216628,0.026366,0.008921,0.129326
1078,8.107755,-0.107464,-0.228769,-0.620773,0.022639,0.027059,0.116846
1079,8.107813,-0.119736,-0.242747,-0.922419,0.022991,0.029912,0.117863
1080,8.107870,-0.220546,-0.319492,-1.283011,0.021984,0.025351,0.109312
1081,8.107928,-0.189240,-0.337932,-0.828840,0.022210,0.025043,0.109554
1082,8.107986,-0.344606,-0.284266,1.054646,0.020203,0.021964,0.103900
1083,8.108044,-0.349897,-0.424289,-1.678330,0.020427,0.022137,0.106456
1084,8.108102,-0.638214,-0.323883,0.394906,0.021983,0.027306,0.105168
1085,8.108160,-0.606817,-0.339055,0.422936,0.021183,0.025262,0.103960
1086,8.108218,-0.467365,-0.313797,-0.965221,0.021293,0.024985,0.110002
1087,8.108275,-0.378754,-0.334437,-0.484719,0.019969,0.020784,0.109468
1088,8.108333,-0.332194,-0.343439,0.420297,0.039094,0.072563,0.137928
1089,8.108391,-0.381399,-0.278220,-1.086773,0.023210,0.030790,0.114767
1090,8.108449,-0.113898,-0.153857,-0.447576,0.022406,0.028711,0.121452
1091,8.108507,-0.166660,-0.127471,-0.976288,0.022464,0.028521,0.115906
1092,8.108565,-0.001649,-0.072342,-1.560520,0.014023,0.027179,0.125287
1093,8.108623,0.016380,-0.049394,-0.087024,0.017982,0.065211,-0.065069
1094,8.108681,0.295312,0.190087,-0.260264,0.022483,0.023411,0.102653
1095,8.108738,0.193499,0.053736,-0.742147,0.021003,0.023219,0.101756
1096,8.108796,0.343140,0.116139,-0.933547,0.021948,0.026043,0.105463
1097,8.108854,0.376525,0.020591,0.155508,0.021011,0.025454,0.093766
1098,8.108912,0.630763,0.185207,1.742917,0.020634,0.022583,0.100508
1099,8.108970,0.112372,0.083026,0.649272,0.020201,0.024754,0.101005
1100,8.109028,0.316275,0.181191,-0.367971,0.022184,0.026875,0.111071
1101,8.109086,0.077138,0.153476,0.008369,0.020726,0.029787,0.091131
1102,8.109144,-0.198077,0.166176,-0.598389,0.023724,0.026351,0.105739
1103,8.109201,0.052347,0.133995,-0.402328,0.021771,0.017530,0.089831
1104,8.109259,0.142184,-0.000757,-0.881855,0.018398,0.055163,0.159224
1105,8.109317,0.241762,0.123555,-0.888462,0.027629,0.006085,0.051758
1106,8.109375,0.139153,0.083490,0.383233,-0.016905,0.281986,0.660685
1107,8.109433,0.417992,0.097735,-0.047845,0.021603,0.028229,0.096806
1108,8.109491,0.205226,0.004465,-0.746849,0.022689,0.030679,0.102339
1109,8.109549,0.101281,-0.037793,-0.467443,0.019623,0.018075,0.111749
1110,8.109606,-0.008994,-0.043485,0.016439,0.012868,0.022770,0.098319
1111,8.109664,-0.144970,0.034953,-0.232716,0.023601,0.023607,0.106605
1112,8.109722,-0.155386,-0.056161,0.085596,0.022244,0.021531,0.092788
1113,8.109780,0.148113,0.005303,-0.617545,0.021068,0.025997,0.099543
1114,8.109838,0.257119,-0.111597,-0.876743,0.018963,0.016200,0.100352
1115,8.109896,0.111593,-0.025842,-0.224399,0.021989,-0.059616,0.140612
1116,8.109954,-0.180569,-0.274969,0.395653,0.020349,0.029568,0.115672
1117,8.110012,-0.343907,-0.125502,-0.275216,0.027509,0.045695,0.137490
1118,8.110069,-0.360713,-0.039548,-0.312521,0.019742,0.023589,0.131755
1119,8.110127,-0.513844,-0.199756,0.326782,0.018956,0.025249,0.109360
1120,8.110185,-0.401050,-0.193197,-0.552088,0.019723,0.028273,0.122341
1121,8.110243,-0.100750,-0.233926,-0.276000,0.020667,0.029873,0.133554
1122,8.110301,-0.056876,-0.296069,-1.879935,-0.057281,-0.194391,-0.054862
1123,8.110359,-0.121388,-0.387632,-0.224900,0.019806,0.030569,0.138925
1124,8.110417,0.113031,-0.306919,0.035780,0.026236,0.054117,0.122965
1125,8.110475,-0.135693,-0.402396,-0.290730,0.021212,0.027505,0.123639
1126,8.110532,-0.135812,-0.448298,-1.200149,0.021026,0.028732,0.117872
1127,8.110590,-0.363254,-0.413192,-1.306108,0.021166,0.031412,0.119620
1128,8.110648,-0.320016,-0.389216,-0.586232,0.026470,0.044886,0.129889
1129,8.110706,-0.382052,-0.409568,0.261555,0.019550,0.029113,0.112415
1130,8.110764,-0.279437,-0.311425,0.201132,0.018852,0.031001,0.116634
1131,8.110822,-0.055441,-0.306309,-0.224654,0.023156,0.031413,0.139556
1132,8.110880,-0.109999,-0.290885,-0.026681,0.015379,0.019933,0.089291
1133,8.110937,0.097299,-0.193908,-1.231298,0.010171,0.094982,0.261356
1134,8.110995,0.172820,-0.174043,0.209765,-0.008220,0.165234,0.422525
1135,8.111053,0.179959,-0.120128,-0.738890,0.019764,0.022970,0.109075
1136,8.111111,0.286139,-0.132354,0.334896,0.020439,0.024088,0.101450
1137,8.111169,0.097719,0.021979,0.327397,0.020445,0.031631,0.105714
1138,8.111227,0.178851,-0.084950,-0.356579,0.021824,0.028552,0.117792
1139,8.111285,0.355375,-0.144087,0.906133,0.026384,0.043682,0.119136
1140,8.111343,0.237544,-0.093169,-0.085398,0.042026,-0.074165,0.431219
1141,8.111400,0.007475,-0.339360,-0.655794,0.019657,0.026545,0.116517
1142,8.111458,0.070493,-0.127514,-0.159762,0.019460,0.020627,0.130345
1143,8.111516,0.087354,-0.107308,-0.509163,0.019742,0.026327,0.116336
1144,8.111574,0.029299,-0.121710,0.692283,0.017242,0.025251,0.110407
1145,8.111632,0.306159,-0.155248,-1.376755,0.020398,0.028070,0.114559
1146,8.111690,0.432801,0.000450,-0.094548,0.026801,0.024614,0.220130
1147,8.111748,0.440012,-0.005996,0.022119,0.019588,0.029589,0.101356
1148,8.111806,0.164262,0.033759,0.320977,0.020739,0.030497,0.104164
1149,8.111863,0.522956,0.107220,0.475058,0.018642,0.024944,0.105884
1150,8.111921,0.400447,0.120167,-0.356689,0.020325,0.026927,0.114745
1151,8.111979,0.686535,0.128538,-0.450111,0.018010,0.021095,0.110580
1152,8.112037,0.461406,0.131895,1.450942,0.021971,0.034418,0.114434
1153,8.112095,0.432715,0.070256,-0.033291,0.018066,0.030830,0.080385
1154,8.112153,0.578561,0.226941,-0.465001,0.019496,0.026377,0.115006
1155,8.112211,0.274286,0.170167,-0.599791,0.019399,0.027019,0.114404
1156,8.112269,-0.165519,0.157650,-0.951771,0.021260,0.027734,0.112423
1157,8.112326,0.392429,0.101059,0.721770,0.020435,0.031255,0.111752
1158,8.112384,0.481907,0.055322,0.230525,0.020241,0.031466,0.107933
1159,8.112442,0.468226,0.020426,0.697356,0.019876,0.030023,0.107183
1160,8.112500,0.206423,-0.024133,0.423087,0.018105,0.006560,0.139187
1161,8.112558,0.082209,-0.054982,-0.274728,0.020534,0.023417,0.135343
1162,8.112616,-0.067093,-0.064356,-1.315285,0.024923,0.023417,0.112144
1163,8.112674,-0.095688,-0.028421,-0.774512,0.023109,-0.040583,0.182425
1164,8.112731,-0.146566,-0.061535,-0.255969,0.025199,0.026616,0.102317
1165,8.112789,-0.271369,-0.099257,0.410112,0.019416,0.034391,0.125571
1166,8.112847,-0.486087,-0.034728,0.057345,0.016562,0.030458,0.129236
1167,8.112905,-0.099415,-0.063209,0.613236,0.017297,0.026988,0.128041
1168,8.112963,0.364231,0.030970,0.214963,0.014202,0.042688,0.142270
1169,8.113021,0.404670,0.111526,0.572940,0.021029,0.026593,0.101464
1170,8.113079,0.323386,0.079739,-0.225999,-0.032086,0.140817,0.488390
1171,8.113137,0.692938,0.111086,0.000248,0.024509,0.010568,0.059733
1172,8.113194,0.438078,0.165055,0.168134,0.022368,0.028122,0.095478
1173,8.113252,0.189067,0.132698,-0.319861,0.018594,0.019333,0.106385
1174,8.113310,0.090035,0.017882,0.441557,0.019113,0.029878,0.105701
1175,8.113368,0.230818,0.086654,0.061483,0.019771,0.024017,0.089402
1176,8.113426,-0.029364,-0.014427,0.796005,-0.084256,0.035660,0.159328
1177,8.113484,-0.025765,0.079639,0.188631,0.021423,0.026184,0.096774
1178,8.113542,-0.153274,-0.092689,-1.073121,0.022112,0.026238,0.112442
1179,8.113600,0.202504,-0.035044,0.753651,0.019086,0.018313,0.122424
1180,8.113657,0.094792,-0.100337,0.051855,0.022150,0.019434,0.078706
1181,8.113715,-0.018646,-0.091845,0.082872,0.010692,0.036891,0.118243
1182,8.113773,-0.232877,-0.070153,-0.078577,0.032818,-0.027907,0.363841
1183,8.113831,-0.109173,-0.194649,-0.650375,0.007935,0.064318,0.224301
1184,8.113889,-0.063853,-0.055106,-0.341371,0.014646,0.016332,0.144064
1185,8.113947,0.215174,-0.067385,0.631647,0.017506,0.030516,0.128992
1186,8.114005,0.019865,-0.146380,-0.137602,0.015144,0.025751,0.161814
1187,8.114063,-0.157735,-0.099280,-0.045621,0.003499,0.075508,0.197607
1188,8.114120,-0.210832,-0.082129,-0.655841,0.020918,0.026462,0.117161
1189,8.114178,-0.104480,-0.108385,-0.330475,0.022969,0.027973,0.121096
1190,8.114236,-0.190860,-0.159181,0.373774,0.021154,0.031143,0.113853
1191,8.114294,-0.177194,-0.301109,-1.309044,0.016888,0.039393,0.145342
1192,8.114352,-0.287954,-0.376173,-0.458242,0.026468,0.006095,0.063717
1193,8.114410,-0.306274,-0.380478,-0.469143,0.021932,0.021959,0.103515
1194,8.114468,-0.142028,-0.528612,-0.048704,0.011863,0.054363,0.108169
1195,8.114525,0.108482,-0.482917,-0.470637,0.015402,0.037504,0.144849
